configuration,number_of_features,fold,seed,best_epoch,best_validation_loss,accuracy,macro_precision,macro_recall,macro_f1,weighted_f1
Sensor-only LSTM,8,1,42,15,1.0636238045287583,0.7384937238493724,0.4783476375046143,0.493882741981609,0.4851202416546845,0.720059603265789
Sensor-only LSTM,8,1,43,21,0.7782176821424276,0.5899581589958159,0.30288537480035804,0.5,0.35233322007022316,0.4880054840197125
Sensor-only LSTM,8,1,44,50,0.8829354328929253,0.6317991631799164,0.434954400195144,0.4595355625753615,0.4362963490554638,0.6237808730453822
Sensor-only LSTM,8,1,45,7,0.8218355825487172,0.7112970711297071,0.4963519403587896,0.50547527776425,0.49827331523300983,0.7036371326762204
Sensor-only LSTM,8,1,46,28,0.614546753950339,0.8096234309623431,0.40746704810713097,0.49860335195530725,0.4466556432686153,0.7292194737871064
Sensor-only LSTM,8,1,47,1,1.0503482511208493,0.41841004184100417,0.3479212253829322,0.3219178082191781,0.252425398099826,0.27902695169835956
Sensor-only LSTM,8,1,48,40,0.6152436572675685,0.805439330543933,0.40588932806324113,0.4962110074576996,0.44449778119132954,0.7256860310747474
Sensor-only LSTM,8,1,49,21,0.8494616680675082,0.7656903765690377,0.5470634839501124,0.5549818143736935,0.5484355783190982,0.7530478991796236
Sensor-only LSTM,8,1,50,55,0.909019754711437,0.8075313807531381,0.561288468031163,0.5748492403706624,0.567288117177805,0.7908305837843851
Sensor-only LSTM,8,1,51,9,0.9958273084596018,0.5794979079497908,0.40259917920656635,0.4893384408585417,0.3693613176023306,0.5117636403623257
Sensor-only LSTM,8,2,42,1,1.3783447289312376,0.6037735849056604,0.40209606569900685,0.3937679967091732,0.3681738137771514,0.588071360941756
Sensor-only LSTM,8,2,43,52,1.4101724709599373,0.7064989517819706,0.4609361283278323,0.4627468120115179,0.44996575505112996,0.7198458028279403
Sensor-only LSTM,8,2,44,3,1.176835283476127,0.3920335429769392,0.0980083857442348,0.25,0.1408132530120482,0.22081407390568564
Sensor-only LSTM,8,2,45,1,1.537453926922693,0.549266247379455,0.506993006993007,0.42842451665981074,0.321282833504048,0.4634464503060302
Sensor-only LSTM,8,2,46,3,1.5242099432399412,0.8511530398322851,0.42997726303822653,0.4959893048128342,0.4587102885083071,0.7918774440106453
Sensor-only LSTM,8,2,47,1,1.5188073828719861,0.6436058700209644,0.4580963067231071,0.46081859317153434,0.41669853182956884,0.6536272512624237
Sensor-only LSTM,8,2,48,1,1.1827689172382232,0.4863731656184486,0.17121753246753246,0.2980769230769231,0.217216281562352,0.34912257626851523
Sensor-only LSTM,8,2,49,1,1.1217044213420628,0.7693920335429769,0.4816332517726955,0.4681458247634718,0.4589787260974537,0.7298823033324503
Sensor-only LSTM,8,2,50,1,1.0690379675727169,0.5052410901467506,0.20300925925925928,0.34134615384615385,0.253646396048773,0.3629795083810524
Sensor-only LSTM,8,2,51,1,1.3144019000216127,0.6561844863731656,0.5005367946892924,0.5035479226655697,0.439918837319417,0.6623660483673582
Sensor-only LSTM,8,3,42,2,0.8624718114265106,0.023454157782515993,0.005863539445628998,0.25,0.011458333333333333,0.0010749822316986496
Sensor-only LSTM,8,3,43,13,0.7641065732363135,0.031982942430703626,0.25591397849462366,0.2523148148148148,0.01614177781204225,0.017985093530771202
Sensor-only LSTM,8,3,44,2,0.6970946533874895,0.3837953091684435,0.23396361444875513,0.19276094276094274,0.14817242164545924,0.5210830818008513
Sensor-only LSTM,8,3,45,4,0.9146075055034405,0.03837953091684435,0.25595238095238093,0.25405092592592593,0.019600572124807966,0.030465657319468997
Sensor-only LSTM,8,3,46,3,0.7271392367920786,0.031982942430703626,0.25591397849462366,0.2523148148148148,0.01614177781204225,0.017985093530771202
Sensor-only LSTM,8,3,47,5,0.7450468756992612,0.023454157782515993,0.005863539445628998,0.25,0.011458333333333333,0.0010749822316986496
Sensor-only LSTM,8,3,48,7,0.7286206898699267,0.03837953091684435,0.25595238095238093,0.25405092592592593,0.019600572124807966,0.030465657319468997
Sensor-only LSTM,8,3,49,3,0.8849586435833817,0.023454157782515993,0.005863539445628998,0.25,0.011458333333333333,0.0010749822316986496
Sensor-only LSTM,8,3,50,2,0.8531584914625315,0.03624733475479744,0.25593952483801297,0.2534722222222222,0.01845269059591931,0.026324445547042462
Sensor-only LSTM,8,3,51,4,0.8953950597555133,0.023454157782515993,0.005863539445628998,0.25,0.011458333333333333,0.0010749822316986496
Sensor-only LSTM,8,4,42,6,0.7341321605556416,0.6433770014556041,0.6892827522574358,0.5309353131933777,0.5264777498003453,0.6512242909340042
Sensor-only LSTM,8,4,43,3,0.6256375195345288,0.5909752547307132,0.44603950901419254,0.49867724867724866,0.4695157244838896,0.5586920926033425
Sensor-only LSTM,8,4,44,4,0.650667014611842,0.6069868995633187,0.6960395090141926,0.5085338795016214,0.48848124172526897,0.5895007057640111
Sensor-only LSTM,8,4,45,4,0.7895823524683027,0.7394468704512372,0.6927790798578919,0.5900750981396142,0.6025068161142082,0.775000815307348
Sensor-only LSTM,8,4,46,3,0.6275586287180582,0.5909752547307132,0.44603950901419254,0.49867724867724866,0.4695157244838896,0.5586920926033425
Sensor-only LSTM,8,4,47,3,0.6449655068245573,0.5924308588064047,0.6960395090141926,0.4995733060249189,0.4713014387696039,0.5615929035827562
Sensor-only LSTM,8,4,48,5,0.6274724424010303,0.6229985443959243,0.6960395090141926,0.5183905103259943,0.5060605749822285,0.6180575266006442
Sensor-only LSTM,8,4,49,8,0.5903252624365769,0.653566229985444,0.6903576908323743,0.5372077146270695,0.5360791919761497,0.6668213935077999
Sensor-only LSTM,8,4,50,9,0.7171885977251224,0.6462882096069869,0.6960395090141926,0.5327274278887182,0.5294526330012398,0.6560568522909158
Sensor-only LSTM,8,4,51,4,0.6448997409088807,0.5953420669577875,0.6952062643239114,0.5013654207202594,0.47431811164723714,0.5667641425487748
Sensor-only LSTM,8,5,42,2,0.8815703393278382,0.4787234042553192,0.2403846153846154,0.25,0.24509803921568626,0.46933667083854813
Sensor-only LSTM,8,5,43,14,0.7890351727698584,0.4,0.23857868020304568,0.2088888888888889,0.22274881516587677,0.4265402843601896
Sensor-only LSTM,8,5,44,4,0.7595664845072748,0.49361702127659574,0.33760683760683763,0.2631578947368421,0.2682768471627061,0.4955731087700685
Sensor-only LSTM,8,5,45,5,0.7407141089189477,0.4787234042553192,0.2403846153846154,0.25,0.24509803921568626,0.46933667083854813
Sensor-only LSTM,8,5,46,4,0.7517934265376637,0.4787234042553192,0.2403846153846154,0.25,0.24509803921568626,0.46933667083854813
Sensor-only LSTM,8,5,47,7,0.7623894785685109,0.4787234042553192,0.2403846153846154,0.25,0.24509803921568626,0.46933667083854813
Sensor-only LSTM,8,5,48,19,0.6518586196739469,0.46382978723404256,0.3233333333333333,0.2437593984962406,0.24719424460431655,0.4677177407010562
Sensor-only LSTM,8,5,49,4,0.7782904619440842,0.4787234042553192,0.2403846153846154,0.25,0.24509803921568626,0.46933667083854813
Sensor-only LSTM,8,5,50,23,0.7625449548477397,0.3574468085106383,0.48714285714285716,0.18820384294068504,0.2149074074074074,0.4057249802994484
Sensor-only LSTM,8,5,51,13,0.8026342294501059,0.4787234042553192,0.2403846153846154,0.25,0.24509803921568626,0.46933667083854813
Vision-only LSTM,12,1,42,4,0.5332197028229821,0.8723849372384938,0.6550498188405797,0.6175671538991352,0.6268153799535029,0.857044463030251
Vision-only LSTM,12,1,43,11,0.4606361041778788,0.8493723849372385,0.6477051503976318,0.604609734958182,0.6154061919851814,0.8373159111114602
Vision-only LSTM,12,1,44,3,0.36782761405473985,0.8744769874476988,0.6667303077639384,0.6128797734751664,0.6224913990825688,0.8540069239184676
Vision-only LSTM,12,1,45,52,0.4888466759418885,0.8640167364016736,0.6243224122276029,0.6261766281472412,0.6236413085029338,0.8474307859260442
Vision-only LSTM,12,1,46,32,0.4481338523953091,0.9100418410041841,0.6761989387264717,0.6792109895155736,0.6762988982848344,0.8919132735466115
Vision-only LSTM,12,1,47,7,0.4663708559247183,0.8765690376569037,0.65251231761338,0.6305004974362899,0.6371123141679782,0.8643396595713924
Vision-only LSTM,12,1,48,12,0.44257939505377153,0.897489539748954,0.672966180105782,0.6586630443100941,0.6627590308975273,0.8836420574857462
Vision-only LSTM,12,1,49,4,0.42659635129589707,0.8661087866108786,0.6479597166083837,0.6093211907859493,0.6187628269237103,0.8517106398861714
Vision-only LSTM,12,1,50,3,0.37412924917738893,0.8702928870292888,0.6587093062659091,0.6121144868753348,0.6234609385441214,0.8564150553121828
Vision-only LSTM,12,1,51,9,0.5319500009624963,0.8702928870292888,0.6598393617774079,0.6121144868753348,0.6240738329829109,0.857333114764428
Vision-only LSTM,12,2,42,2,0.5123925404080047,0.610062893081761,0.45043744801454055,0.4567821883998354,0.38839782035719844,0.6059935851616802
Vision-only LSTM,12,2,43,2,0.5893915316198608,0.6142557651991615,0.45872095648002387,0.4663975730152201,0.39249716013273583,0.6084828376084589
Vision-only LSTM,12,2,44,3,0.5945835248858831,0.9119496855345912,0.6379494620668389,0.6284707939119704,0.629236025694935,0.8913394173978728
Vision-only LSTM,12,2,45,2,0.49503561410224206,0.610062893081761,0.45043744801454055,0.4567821883998354,0.38839782035719844,0.6059935851616802
Vision-only LSTM,12,2,46,2,0.5850545005555029,0.8637316561844863,0.5536165605686532,0.5630141916906624,0.5566289093217893,0.8430584526782391
Vision-only LSTM,12,2,47,2,0.6027018365411985,0.8092243186582809,0.5214015614205144,0.5456088029617441,0.5296030079938612,0.8072557385240346
Vision-only LSTM,12,2,48,2,0.5843504649782091,0.8742138364779874,0.5546930177722937,0.5419323323735088,0.5324175635588746,0.8376748664528839
Vision-only LSTM,12,2,49,2,0.6382955073682716,0.6184486373165619,0.4674463923660802,0.4760129576306047,0.39655146701845273,0.6109642463436431
Vision-only LSTM,12,2,50,2,0.5011631271301027,0.6289308176100629,0.4916161542188222,0.5000514191690663,0.40650050451886405,0.6171399315911413
Vision-only LSTM,12,2,51,2,0.688052195902777,0.6624737945492662,0.4862196890293397,0.493675442204854,0.4363164399474123,0.6708444427932614
Vision-only LSTM,12,3,42,2,0.5432999596405829,0.6545842217484008,0.26060052749036317,0.3312856125356125,0.24136373570335834,0.7301925779940022
Vision-only LSTM,12,3,43,3,0.6073420934957029,0.7377398720682303,0.22935414323209596,0.2092681623931624,0.21672257631667227,0.782760754143692
Vision-only LSTM,12,3,44,9,0.6061566314607296,0.673773987206823,0.2722390776699029,0.3816773504273504,0.25752035174785604,0.7440344500375415
Vision-only LSTM,12,3,45,42,0.7729157709850455,0.5884861407249466,0.23240017663738205,0.2704650673400673,0.2006936107776444,0.6807723231438986
Vision-only LSTM,12,3,46,1,0.5606592301302736,0.6908315565031983,0.23007735204173413,0.20557336182336183,0.21146317420081678,0.7534727833462297
Vision-only LSTM,12,3,47,44,0.5971280771856288,0.5628997867803838,0.2621648460774578,0.2792913105413105,0.223365185927109,0.6705291811004956
Vision-only LSTM,12,3,48,6,0.5620560083124373,0.7782515991471215,0.23230769230769233,0.22026353276353275,0.22516025641025642,0.8073916133617627
Vision-only LSTM,12,3,49,15,0.5995154846889168,0.67590618336887,0.2676767676767677,0.3050011331261331,0.2547875788925399,0.7472847522511376
Vision-only LSTM,12,3,50,2,0.6070683083694186,0.8784648187633263,0.22939866369710468,0.23842592592592593,0.23382519863791146,0.8615137382650554
Vision-only LSTM,12,3,51,4,0.6140448152394165,0.8251599147121536,0.23492298578199053,0.23299501424501423,0.23357107373500816,0.8343449575928866
Vision-only LSTM,12,4,42,26,0.6528957855479647,0.8631732168850073,0.6980045871559633,0.6597647937541398,0.6755821597351378,0.8922782889002271
Vision-only LSTM,12,4,43,1,0.7025917166184079,0.6084425036390102,0.7066161616161617,0.5094299368492916,0.49653014428623377,0.5992242349365934
Vision-only LSTM,12,4,44,1,0.6277472253115672,0.9097525473071325,0.7040172963201274,0.6829663765147636,0.692987618210553,0.9212144503405562
Vision-only LSTM,12,4,45,12,0.6705789524960318,0.8719068413391557,0.6819768095244252,0.6526438976498166,0.6666048989104738,0.8873061082855992
Vision-only LSTM,12,4,46,1,0.6540865685704869,0.8238719068413392,0.6969734853850875,0.6370317914413801,0.6547165013984235,0.8629900172873801
Vision-only LSTM,12,4,47,8,0.7097308123386631,0.9170305676855895,0.703722403585459,0.6908602150537635,0.6971231533709374,0.9266782794392308
Vision-only LSTM,12,4,48,1,0.6427718445939837,0.5938864628820961,0.6977272727272728,0.5004693633725892,0.47411527955734156,0.5656184425677753
Vision-only LSTM,12,4,49,24,0.7940737351333914,0.8966521106259098,0.6901827147361872,0.6799474187754744,0.683573715644263,0.9079935022564145
Vision-only LSTM,12,4,50,9,0.5639497022333885,0.9184861717612809,0.6988508682328907,0.6887694145758662,0.6936070010071779,0.9234052027367106
Vision-only LSTM,12,4,51,3,0.7908513273583019,0.9170305676855895,0.7105005488277607,0.6899320577923715,0.6999735594350418,0.93019700545609
Vision-only LSTM,12,5,42,3,0.5377774169859896,0.6808510638297872,0.4100274725274725,0.4285714285714286,0.4190907132083602,0.6662815699111068
Vision-only LSTM,12,5,43,3,0.5966638234176476,0.7361702127659574,0.39876157873540075,0.4774436090225564,0.43182643427741463,0.6806973222701215
Vision-only LSTM,12,5,44,5,0.6557606266229657,0.7276595744680852,0.3773984983314794,0.4714619883040936,0.4139824945295405,0.6596260533544392
Vision-only LSTM,12,5,45,4,0.711257267048274,0.574468085106383,0.3692919983242564,0.33689223057644113,0.34961574289706565,0.5863287714673616
Vision-only LSTM,12,5,46,3,0.645421150782823,0.7191489361702128,0.41918208373904575,0.462406015037594,0.43925611481706084,0.6891070883277636
Vision-only LSTM,12,5,47,3,0.6890611393021837,0.7510638297872341,0.3789127539127539,0.4906015037593985,0.4209222150398621,0.6683546741118706
Vision-only LSTM,12,5,48,5,0.7096206898209434,0.5787234042553191,0.36762565288123983,0.34218880534670004,0.35292904677101883,0.5891941456955228
Vision-only LSTM,12,5,49,38,0.6925414820480896,0.6829787234042554,0.40939869989165767,0.43045112781954886,0.41964349376114085,0.666907270451701
Vision-only LSTM,12,5,50,6,0.6429873171967281,0.7446808510638298,0.38704873108542837,0.4872681704260652,0.4257572349677613,0.6725144603644044
Vision-only LSTM,12,5,51,4,0.7166144290560197,0.6702127659574468,0.4098175296319401,0.423015873015873,0.4162834228913524,0.6609059076019429
Fusion-LSTM without derivatives,10,1,42,20,0.42835723188563213,0.8640167364016736,0.637462991988854,0.6058965332517028,0.6106720318542979,0.8415434007082296
Fusion-LSTM without derivatives,10,1,43,28,0.44956714989504226,0.8514644351464435,0.6299682362302094,0.5792645595775618,0.5801351041273666,0.817206818602123
Fusion-LSTM without derivatives,10,1,44,15,0.6261490375834441,0.8472803347280334,0.6137613762889094,0.5987793678732686,0.6033113584439466,0.8366656882539464
Fusion-LSTM without derivatives,10,1,45,4,0.3700600869375705,0.8514644351464435,0.6208012114537445,0.5954886354939926,0.6011990256112717,0.836087285133252
Fusion-LSTM without derivatives,10,1,46,3,0.42747472435923245,0.8535564853556485,0.6568376860124153,0.5766051886431469,0.5823252095151388,0.8259964809680913
Fusion-LSTM without derivatives,10,1,47,10,0.35099963570478326,0.8535564853556485,0.6236234322594558,0.6029693120073467,0.6090317684354382,0.8422055352211583
Fusion-LSTM without derivatives,10,1,48,10,0.47061179028492056,0.8723849372384938,0.6356208575517481,0.6297352108364582,0.629840052602501,0.854646106031527
Fusion-LSTM without derivatives,10,1,49,3,0.4115675598757822,0.8577405857740585,0.6487880050655381,0.5915665416698553,0.6028329863745872,0.8422002182341648
Fusion-LSTM without derivatives,10,1,50,3,0.43271523236103776,0.8702928870292888,0.6663844785443644,0.6060304584066734,0.6168329460799579,0.8510750152367323
Fusion-LSTM without derivatives,10,1,51,2,0.3787961266700577,0.8472803347280334,0.6084830897606228,0.5967513583837147,0.5988024868949618,0.831400753802771
Fusion-LSTM without derivatives,10,2,42,1,0.5890104239303658,0.8553459119496856,0.43824339207048457,0.49866310160427807,0.465014630482519,0.8017634980917995
Fusion-LSTM without derivatives,10,2,43,1,0.5035537676342621,0.7421383647798742,0.5049954412508124,0.5236528177704648,0.49275517082905146,0.7541778551507876
Fusion-LSTM without derivatives,10,2,44,1,0.6773935822572873,0.8553459119496856,0.4366421524010631,0.49866310160427807,0.46399925241796064,0.80017124905136
Fusion-LSTM without derivatives,10,2,45,28,0.888263051866777,0.8553459119496856,0.43987154333098877,0.49866310160427807,0.46603956504650856,0.8033707330055608
Fusion-LSTM without derivatives,10,2,46,2,0.47042230486097397,0.8763102725366876,0.5620771241279008,0.5467400246812011,0.5388799887444802,0.8411027045770415
Fusion-LSTM without derivatives,10,2,47,2,0.594131504276015,0.8553459119496856,0.4390540615265516,0.49866310160427807,0.46552589478967343,0.8025652291227252
Fusion-LSTM without derivatives,10,2,48,1,0.6247487062383161,0.8553459119496856,0.43506716256228783,0.49866310160427807,0.46299329781571835,0.798593777264196
Fusion-LSTM without derivatives,10,2,49,1,0.480332345027903,0.8553459119496856,0.4304933920704846,0.49866310160427807,0.4600306809436684,0.7939479965088639
Fusion-LSTM without derivatives,10,2,50,1,0.5433844106501173,0.8553459119496856,0.4304933920704846,0.49866310160427807,0.4600306809436684,0.7939479965088639
Fusion-LSTM without derivatives,10,2,51,1,0.612286710488101,0.8553459119496856,0.43987154333098877,0.49866310160427807,0.46603956504650856,0.8033707330055608
Fusion-LSTM without derivatives,10,3,42,1,0.5295860802352553,0.0255863539445629,0.25587606837606836,0.2505787037037037,0.012636989108371462,0.005331770296452543
Fusion-LSTM without derivatives,10,3,43,4,0.5722609842098484,0.8805970149253731,0.22944444444444445,0.23900462962962962,0.23412698412698413,0.8626256472738348
Fusion-LSTM without derivatives,10,3,44,2,0.5884851151042514,0.6780383795309168,0.23660714285714285,0.1840277777777778,0.20703125,0.7627931769722814
Fusion-LSTM without derivatives,10,3,45,5,0.5797176870909877,0.6183368869936035,0.2353896103896104,0.16782407407407407,0.19594594594594594,0.7219500950844234
Fusion-LSTM without derivatives,10,3,46,4,0.6018678549075777,0.5479744136460555,0.23448905109489052,0.14872685185185186,0.1820113314447592,0.6706089141504133
Fusion-LSTM without derivatives,10,3,47,2,0.5517955294320168,0.7270788912579957,0.23165760869565216,0.19733796296296297,0.213125,0.7852452025586355
Fusion-LSTM without derivatives,10,3,48,7,0.5675946495318063,0.26652452025586354,0.22977941176470587,0.07233796296296297,0.11003521126760564,0.4054175801075108
Fusion-LSTM without derivatives,10,3,49,5,0.5824844937154582,0.8912579957356077,0.22967032967032966,0.24189814814814814,0.23562570462232243,0.8681475854741433
Fusion-LSTM without derivatives,10,3,50,9,0.6061410899557158,0.835820895522388,0.23167848699763594,0.22685185185185186,0.22923976608187135,0.8446190102120975
Fusion-LSTM without derivatives,10,3,51,3,0.5790364009404333,0.8848614072494669,0.2295353982300885,0.24016203703703703,0.23472850678733032,0.8648419183976691
Fusion-LSTM without derivatives,10,4,42,2,0.5439471827363068,0.8981077147016011,0.7089370978539591,0.6748259166874142,0.6909886368625634,0.920438983093929
Fusion-LSTM without derivatives,10,4,43,3,0.5385128474585416,0.8442503639010189,0.6940362960641914,0.6461849644004127,0.66618417033902,0.8792343302814488
Fusion-LSTM without derivatives,10,4,44,4,0.5222773893074419,0.8617176128093159,0.6994875734767899,0.6448451844648945,0.6705401501722806,0.8926166179363313
Fusion-LSTM without derivatives,10,4,45,2,0.5377256266725888,0.8209606986899564,0.6941006970584707,0.6333524366966214,0.6568147791142029,0.8621647664631885
Fusion-LSTM without derivatives,10,4,46,5,0.49828265235608976,0.8820960698689956,0.712298327565319,0.6610278470666159,0.6851869902475776,0.9103832133215819
Fusion-LSTM without derivatives,10,4,47,2,0.5273508671944497,0.9068413391557496,0.7045363847991051,0.686721283495477,0.6948208634496628,0.9219696352167224
Fusion-LSTM without derivatives,10,4,48,9,0.5109927488073113,0.8602620087336245,0.6962434351293523,0.6579288352742038,0.6695754390533543,0.8887634647697052
Fusion-LSTM without derivatives,10,4,49,11,0.5614491266274603,0.9228529839883551,0.7112474418166228,0.7029783239460659,0.7036600531702272,0.9339475715868568
Fusion-LSTM without derivatives,10,4,50,6,0.5495469619518056,0.9112081513828238,0.7025980044832079,0.6945297832394607,0.6948239348114419,0.922099763998883
Fusion-LSTM without derivatives,10,4,51,2,0.5299084855075652,0.901018922852984,0.6948712847151272,0.6895374637310121,0.6855400652546807,0.9096137291393
Fusion-LSTM without derivatives,10,5,42,1,0.5162994811619852,0.7212765957446808,0.40902366863905326,0.4642857142857143,0.4338397610699909,0.6829762368523568
Fusion-LSTM without derivatives,10,5,43,3,0.5855166152338311,0.7595744680851064,0.39792628602811053,0.4988888888888889,0.4378554382045293,0.6870858712773519
Fusion-LSTM without derivatives,10,5,44,2,0.659117240825789,0.5531914893617021,0.36024762908324554,0.3157894736842105,0.33004949552636587,0.5654944894710622
Fusion-LSTM without derivatives,10,5,45,4,0.5987195456302891,0.6638297872340425,0.4089892665474061,0.4135338345864662,0.4111285735668313,0.6572691054658016
Fusion-LSTM without derivatives,10,5,46,4,0.6030250041739745,0.5063829787234042,0.3703846153846154,0.2744360902255639,0.2862372797220154,0.5159027898797547
Fusion-LSTM without derivatives,10,5,47,1,0.5249736359034445,0.6,0.3888221153846154,0.35714285714285715,0.36955218768730197,0.6102081750659941
Fusion-LSTM without derivatives,10,5,48,3,0.6102857204853114,0.7212765957446808,0.4110432980193459,0.4642857142857143,0.43509803921568624,0.6844005006257822
Fusion-LSTM without derivatives,10,5,49,3,0.5660122854154814,0.7212765957446808,0.39960249247958746,0.4642857142857143,0.42779034690799395,0.6761288148647346
Fusion-LSTM without derivatives,10,5,50,3,0.6296692495575991,0.7319148936170212,0.3994755244755245,0.4736842105263158,0.43103553921568627,0.679802096370463
Fusion-LSTM without derivatives,10,5,51,2,0.6071867030621575,0.7340425531914894,0.3773709167544784,0.4755639097744361,0.4155525846702317,0.6622767095232677
Fusion-LSTM with derivatives,20,1,42,6,0.4476694228826579,0.8598326359832636,0.6179421689005531,0.6172993035891942,0.6155572871508321,0.8421613327800238
Fusion-LSTM with derivatives,20,1,43,1,0.5493992094723683,0.8556485355648535,0.6871529556397911,0.5739458177087319,0.5813566976398757,0.8282805994936278
Fusion-LSTM with derivatives,20,1,44,3,0.44547267404992125,0.8556485355648535,0.6349381162156493,0.5942259126042703,0.6028093338651775,0.8397105577187224
Fusion-LSTM with derivatives,20,1,45,2,0.6244940651537737,0.8640167364016736,0.6397529310304642,0.6119805617203643,0.6196939220588855,0.8513941027713823
Fusion-LSTM with derivatives,20,1,46,5,0.4290691174925998,0.8556485355648535,0.6327736140511471,0.5942259126042703,0.6016210049527106,0.8379305503937721
Fusion-LSTM with derivatives,20,1,47,4,0.4834861860647641,0.8556485355648535,0.6295282181427078,0.6043659600520395,0.612196805418657,0.8459045618612272
Fusion-LSTM with derivatives,20,1,48,2,0.45807083553987976,0.8682008368200836,0.6429639992415324,0.6208578862784113,0.6277445735655661,0.8572921290396732
Fusion-LSTM with derivatives,20,1,49,15,0.5779820654845838,0.8744769874476988,0.6593995674628148,0.6189638019438279,0.6286958482351112,0.8590721941120709
Fusion-LSTM with derivatives,20,1,50,13,0.6144123483816283,0.8640167364016736,0.6380907303540881,0.6099525522308105,0.6164320508783723,0.8479087239285169
Fusion-LSTM with derivatives,20,1,51,13,0.38315923883730013,0.8472803347280334,0.6244364155353772,0.5825552919568378,0.5906641498200319,0.8311086182322874
Fusion-LSTM with derivatives,20,2,42,2,0.7058993746922804,0.8574423480083857,0.4599266929468234,0.5034707939119704,0.474247965968561,0.8075343341289342
Fusion-LSTM with derivatives,20,2,43,1,0.6037474581026362,0.8553459119496856,0.43428931043783153,0.49866310160427807,0.46249381341252166,0.7978105187032084
Fusion-LSTM with derivatives,20,2,44,1,0.737285706349377,0.8553459119496856,0.43506716256228783,0.49866310160427807,0.46299329781571835,0.798593777264196
Fusion-LSTM with derivatives,20,2,45,1,0.604270690653803,0.8721174004192872,0.6874394501617709,0.6236631016042781,0.6311724219275787,0.8233274980936961
Fusion-LSTM with derivatives,20,2,46,2,0.5827163365502595,0.8553459119496856,0.4390540615265516,0.49866310160427807,0.46552589478967343,0.8025652291227252
Fusion-LSTM with derivatives,20,2,47,1,0.6420467889849619,0.8553459119496856,0.43824339207048457,0.49866310160427807,0.465014630482519,0.8017634980917995
Fusion-LSTM with derivatives,20,2,48,3,0.6231093582884282,0.8574423480083857,0.4599266929468234,0.5034707939119704,0.474247965968561,0.8075343341289342
Fusion-LSTM with derivatives,20,2,49,1,0.6732637545588722,0.8448637316561844,0.4731373300134074,0.5023909913615796,0.4821918810453719,0.8060582222448686
Fusion-LSTM with derivatives,20,2,50,1,0.706967960809786,0.8553459119496856,0.43428931043783153,0.49866310160427807,0.46249381341252166,0.7978105187032084
Fusion-LSTM with derivatives,20,2,51,2,0.6428570180455501,0.8553459119496856,0.4366421524010631,0.49866310160427807,0.46399925241796064,0.80017124905136
Fusion-LSTM with derivatives,20,3,42,3,0.6195580293297518,0.9211087420042644,0.2302771855010661,0.25,0.2397336293007769,0.8832829668054212
Fusion-LSTM with derivatives,20,3,43,7,0.5680490283596191,0.8336886993603412,0.253485987696514,0.2533831908831909,0.2528254580520733,0.8463709281118857
Fusion-LSTM with derivatives,20,3,44,6,0.5807444993055092,0.582089552238806,0.23780487804878048,0.1579861111111111,0.1898470097357441,0.6994789612438503
Fusion-LSTM with derivatives,20,3,45,2,0.6463573436941991,0.47761194029850745,0.23829787234042554,0.12962962962962962,0.1679160419790105,0.6186757367584865
Fusion-LSTM with derivatives,20,3,46,2,0.5379934443367852,0.03837953091684435,0.25595238095238093,0.25405092592592593,0.019600572124807966,0.030465657319468997
Fusion-LSTM with derivatives,20,3,47,3,0.575289415488453,0.673773987206823,0.23723723723723725,0.18287037037037038,0.2065359477124183,0.7609682679041766
Fusion-LSTM with derivatives,20,3,48,2,0.5463016098150417,0.8955223880597015,0.22975929978118162,0.24305555555555555,0.23622047244094488,0.870338968822927
Fusion-LSTM with derivatives,20,3,49,3,0.5886544896371709,0.8933901918976546,0.2302197802197802,0.24247685185185186,0.23618940248027057,0.8702244935733636
Fusion-LSTM with derivatives,20,3,50,2,0.6834365321280321,0.4989339019189765,0.23780487804878048,0.13541666666666666,0.17256637168141592,0.6358095741268374
Fusion-LSTM with derivatives,20,3,51,2,0.5409084654704079,0.9211087420042644,0.2302771855010661,0.25,0.2397336293007769,0.8832829668054212
Fusion-LSTM with derivatives,20,4,42,6,0.5613972244616324,0.9141193595342066,0.6983208525345622,0.690449375304362,0.6937905407625813,0.9227365051449491
Fusion-LSTM with derivatives,20,4,43,3,0.5239914668805944,0.8369723435225619,0.7003921599497139,0.6455932690395549,0.665661439435636,0.8747847652953632
Fusion-LSTM with derivatives,20,4,44,3,0.5449065987169118,0.7540029112081513,0.7073160233086844,0.5955254286121406,0.6244489138160572,0.8090991385557713
Fusion-LSTM with derivatives,20,4,45,4,0.5256215786908908,0.9112081513828238,0.7073583828463808,0.6958098651647039,0.6970137872944097,0.9243231486219062
Fusion-LSTM with derivatives,20,4,46,5,0.49369920037327575,0.9082969432314411,0.6984986917035869,0.692310974569039,0.6915270072951772,0.9179539002032606
Fusion-LSTM with derivatives,20,4,47,2,0.567316214618443,0.8005822416302766,0.7016044919617412,0.6233942213891903,0.6489131536303037,0.8482752558303746
Fusion-LSTM with derivatives,20,4,48,2,0.519829611108488,0.834061135371179,0.6931585531920603,0.6395432182277403,0.6568141542461515,0.8706964668097684
Fusion-LSTM with derivatives,20,4,49,4,0.5102746915267449,0.9228529839883551,0.7084154524384512,0.7012715480457415,0.7025203704320069,0.9329013282582425
Fusion-LSTM with derivatives,20,4,50,3,0.5728158525325967,0.9315866084425036,0.707698265504282,0.7070745861068441,0.7051381246015949,0.9373951435894367
Fusion-LSTM with derivatives,20,4,51,3,0.5034437943679482,0.8806404657933042,0.6945151984238671,0.6710189452124936,0.6802916648877443,0.900712344015951
Fusion-LSTM with derivatives,20,5,42,5,0.541572766983784,0.7382978723404255,0.4156719717064545,0.4793233082706767,0.44379510761959506,0.6942448418829725
Fusion-LSTM with derivatives,20,5,43,1,0.5818866833700824,0.7212765957446808,0.3927910324969148,0.4642857142857143,0.42322303921568627,0.67095901126408
Fusion-LSTM with derivatives,20,5,44,1,0.6496045804373624,0.7191489361702128,0.41369749882019824,0.462406015037594,0.43597641759406464,0.6853947501944998
Fusion-LSTM with derivatives,20,5,45,4,0.6201193278940469,0.474468085106383,0.24030172413793102,0.2477777777777778,0.2439824945295405,0.4672005214395456
Fusion-LSTM with derivatives,20,5,46,5,0.556239854739647,0.5106382978723404,0.396424672489083,0.2820384294068504,0.302896809504739,0.53256191117284
Fusion-LSTM with derivatives,20,5,47,1,0.5940698027860694,0.7127659574468085,0.4166666666666667,0.45676691729323304,0.4354094579008074,0.6847530000736214
Fusion-LSTM with derivatives,20,5,48,2,0.5499285836889559,0.7212765957446808,0.40705128205128205,0.4642857142857143,0.4325980392156863,0.6815707133917396
Fusion-LSTM with derivatives,20,5,49,3,0.5428719851705763,0.7574468085106383,0.3840249662618084,0.49624060150375937,0.4265384824289826,0.6747118108161517
Fusion-LSTM with derivatives,20,5,50,5,0.5869849094304899,0.7617021276595745,0.38127444589309,0.5,0.42531484138370795,0.6733267532925642
Fusion-LSTM with derivatives,20,5,51,2,0.5588952891481748,0.5723404255319149,0.38903326403326405,0.33270676691729323,0.35137823245240124,0.5896368044596808
