sequence_id,exp_id,input_start_frame,input_end_frame,target_frame,target_id
0,exp_1,117,136,146,3
1,exp_1,118,137,147,3
2,exp_1,119,138,148,3
3,exp_1,120,139,149,3
4,exp_1,121,140,150,3
5,exp_1,122,141,151,3
6,exp_1,123,142,152,3
7,exp_1,124,143,153,3
8,exp_1,125,144,154,3
9,exp_1,126,145,155,3
10,exp_1,127,146,156,3
11,exp_1,128,147,157,3
12,exp_1,129,148,158,3
13,exp_1,130,149,159,3
14,exp_1,131,150,160,3
15,exp_1,132,151,161,3
16,exp_1,133,152,162,3
17,exp_1,134,153,163,3
18,exp_1,135,154,164,3
19,exp_1,136,155,165,3
20,exp_1,137,156,166,3
21,exp_1,138,157,167,3
22,exp_1,139,158,168,3
23,exp_1,140,159,169,3
24,exp_1,141,160,170,3
25,exp_1,142,161,171,3
26,exp_1,143,162,172,3
27,exp_1,144,163,173,3
28,exp_1,145,164,174,3
29,exp_1,146,165,175,3
30,exp_1,147,166,176,3
31,exp_1,148,167,177,3
32,exp_1,149,168,178,3
33,exp_1,150,169,179,3
34,exp_1,151,170,180,3
35,exp_1,152,171,181,3
36,exp_1,153,172,182,3
37,exp_1,154,173,183,3
38,exp_1,155,174,184,3
39,exp_1,156,175,185,3
40,exp_1,157,176,186,3
41,exp_1,158,177,187,3
42,exp_1,159,178,188,3
43,exp_1,160,179,189,3
44,exp_1,161,180,190,3
45,exp_1,162,181,191,3
46,exp_1,163,182,192,3
47,exp_1,164,183,193,3
48,exp_1,165,184,194,3
49,exp_1,166,185,195,3
50,exp_1,167,186,196,3
51,exp_1,168,187,197,3
52,exp_1,169,188,198,3
53,exp_1,170,189,199,3
54,exp_1,171,190,200,3
55,exp_1,172,191,201,3
56,exp_1,173,192,202,1
57,exp_1,174,193,203,3
58,exp_1,175,194,204,3
59,exp_1,176,195,205,3
60,exp_1,177,196,206,3
61,exp_1,178,197,207,3
62,exp_1,179,198,208,3
63,exp_1,180,199,209,3
64,exp_1,181,200,210,3
65,exp_1,182,201,211,3
66,exp_1,183,202,212,3
67,exp_1,184,203,213,3
68,exp_1,185,204,214,3
69,exp_1,186,205,215,3
70,exp_1,187,206,216,3
71,exp_1,188,207,217,3
72,exp_1,189,208,218,3
73,exp_1,190,209,219,3
74,exp_1,191,210,220,3
75,exp_1,192,211,221,3
76,exp_1,193,212,222,3
77,exp_1,194,213,223,3
78,exp_1,195,214,224,3
79,exp_1,196,215,225,3
80,exp_1,197,216,226,3
81,exp_1,198,217,227,3
82,exp_1,199,218,228,3
83,exp_1,200,219,229,3
84,exp_1,201,220,230,3
85,exp_1,202,221,231,3
86,exp_1,203,222,232,3
87,exp_1,204,223,233,3
88,exp_1,205,224,234,3
89,exp_1,206,225,235,3
90,exp_1,207,226,236,3
91,exp_1,208,227,237,3
92,exp_1,209,228,238,3
93,exp_1,210,229,239,3
94,exp_1,211,230,240,3
95,exp_1,212,231,241,3
96,exp_1,213,232,242,3
97,exp_1,214,233,243,3
98,exp_1,215,234,244,3
99,exp_1,216,235,245,3
100,exp_1,217,236,246,3
101,exp_1,218,237,247,3
102,exp_1,219,238,248,3
103,exp_1,220,239,249,3
104,exp_1,221,240,250,3
105,exp_1,222,241,251,3
106,exp_1,223,242,252,3
107,exp_1,224,243,253,3
108,exp_1,225,244,254,3
109,exp_1,226,245,255,3
110,exp_1,227,246,256,3
111,exp_1,228,247,257,3
112,exp_1,229,248,258,3
113,exp_1,230,249,259,3
114,exp_1,231,250,260,3
115,exp_1,232,251,261,3
116,exp_1,233,252,262,3
117,exp_1,234,253,263,3
118,exp_1,235,254,264,3
119,exp_1,236,255,265,3
120,exp_1,237,256,266,3
121,exp_1,238,257,267,3
122,exp_1,239,258,268,3
123,exp_1,240,259,269,3
124,exp_1,241,260,270,3
125,exp_1,242,261,271,3
126,exp_1,243,262,272,3
127,exp_1,244,263,273,3
128,exp_1,245,264,274,3
129,exp_1,246,265,275,3
130,exp_1,247,266,276,3
131,exp_1,248,267,277,3
132,exp_1,249,268,278,3
133,exp_1,250,269,279,3
134,exp_1,251,270,280,3
135,exp_1,252,271,281,3
136,exp_1,253,272,282,3
137,exp_1,254,273,283,3
138,exp_1,255,274,284,3
139,exp_1,256,275,285,3
140,exp_1,257,276,286,3
141,exp_1,258,277,287,3
142,exp_1,259,278,288,3
143,exp_1,260,279,289,3
144,exp_1,261,280,290,3
145,exp_1,262,281,291,3
146,exp_1,263,282,292,3
147,exp_1,264,283,293,3
148,exp_1,265,284,294,3
149,exp_1,266,285,295,3
150,exp_1,267,286,296,3
151,exp_1,268,287,297,3
152,exp_1,269,288,298,3
153,exp_1,270,289,299,3
154,exp_1,271,290,300,3
155,exp_1,272,291,301,3
156,exp_1,273,292,302,3
157,exp_1,274,293,303,3
158,exp_1,275,294,304,3
159,exp_1,276,295,305,3
160,exp_1,277,296,306,3
161,exp_1,278,297,307,3
162,exp_1,279,298,308,3
163,exp_1,280,299,309,3
164,exp_1,281,300,310,3
165,exp_1,282,301,311,3
166,exp_1,283,302,312,3
167,exp_1,284,303,313,3
168,exp_1,285,304,314,3
169,exp_1,286,305,315,3
170,exp_1,287,306,316,3
171,exp_1,288,307,317,3
172,exp_1,289,308,318,3
173,exp_1,290,309,319,3
174,exp_1,291,310,320,3
175,exp_1,292,311,321,3
176,exp_1,293,312,322,3
177,exp_1,294,313,323,3
178,exp_1,295,314,324,3
179,exp_1,296,315,325,3
180,exp_1,297,316,326,3
181,exp_1,298,317,327,3
182,exp_1,299,318,328,3
183,exp_1,300,319,329,3
184,exp_1,301,320,330,3
185,exp_1,302,321,331,3
186,exp_1,303,322,332,3
187,exp_1,304,323,333,3
188,exp_1,305,324,334,3
189,exp_1,306,325,335,3
190,exp_1,307,326,336,3
191,exp_1,308,327,337,3
192,exp_1,309,328,338,3
193,exp_1,310,329,339,3
194,exp_1,311,330,340,3
195,exp_1,312,331,341,3
196,exp_1,313,332,342,3
197,exp_1,314,333,343,3
198,exp_1,315,334,344,3
199,exp_1,316,335,345,3
200,exp_1,317,336,346,3
201,exp_1,318,337,347,3
202,exp_1,319,338,348,3
203,exp_1,320,339,349,3
204,exp_1,321,340,350,3
205,exp_1,322,341,351,3
206,exp_1,323,342,352,3
207,exp_1,324,343,353,3
208,exp_1,325,344,354,3
209,exp_1,326,345,355,3
210,exp_1,327,346,356,3
211,exp_1,328,347,357,3
212,exp_1,329,348,358,3
213,exp_1,330,349,359,3
214,exp_1,331,350,360,3
215,exp_1,332,351,361,3
216,exp_1,333,352,362,3
217,exp_1,334,353,363,3
218,exp_1,335,354,364,3
219,exp_1,336,355,365,0
220,exp_10,96,115,125,1
221,exp_10,97,116,126,1
222,exp_10,98,117,127,1
223,exp_10,99,118,128,1
224,exp_10,100,119,129,1
225,exp_10,101,120,130,1
226,exp_10,102,121,131,1
227,exp_10,103,122,132,1
228,exp_10,104,123,133,1
229,exp_10,105,124,134,1
230,exp_10,106,125,135,1
231,exp_10,107,126,136,1
232,exp_10,108,127,137,1
233,exp_10,109,128,138,1
234,exp_10,110,129,139,1
235,exp_10,111,130,140,1
236,exp_10,112,131,141,1
237,exp_10,113,132,142,1
238,exp_10,114,133,143,1
239,exp_10,115,134,144,1
240,exp_10,116,135,145,1
241,exp_10,117,136,146,0
242,exp_10,118,137,147,0
243,exp_10,119,138,148,0
244,exp_10,120,139,149,1
245,exp_10,121,140,150,0
246,exp_10,122,141,151,0
247,exp_10,123,142,152,0
248,exp_10,124,143,153,0
249,exp_10,125,144,154,1
250,exp_10,126,145,155,1
251,exp_10,127,146,156,0
252,exp_10,128,147,157,0
253,exp_10,129,148,158,0
254,exp_10,130,149,159,0
255,exp_10,131,150,160,0
256,exp_10,132,151,161,0
257,exp_10,133,152,162,0
258,exp_10,134,153,163,0
259,exp_10,135,154,164,0
260,exp_10,136,155,165,0
261,exp_10,137,156,166,0
262,exp_10,138,157,167,0
263,exp_10,139,158,168,0
264,exp_10,140,159,169,0
265,exp_10,141,160,170,0
266,exp_10,142,161,171,0
267,exp_10,143,162,172,0
268,exp_10,144,163,173,0
269,exp_10,145,164,174,0
270,exp_10,146,165,175,1
271,exp_10,147,166,176,1
272,exp_10,148,167,177,0
273,exp_10,149,168,178,0
274,exp_10,150,169,179,0
275,exp_10,151,170,180,0
276,exp_10,152,171,181,0
277,exp_10,153,172,182,0
278,exp_10,154,173,183,0
279,exp_10,155,174,184,0
280,exp_10,156,175,185,0
281,exp_10,157,176,186,0
282,exp_10,158,177,187,0
283,exp_10,159,178,188,0
284,exp_10,160,179,189,0
285,exp_10,161,180,190,0
286,exp_10,162,181,191,0
287,exp_10,163,182,192,0
288,exp_10,164,183,193,0
289,exp_10,165,184,194,0
290,exp_10,166,185,195,0
291,exp_10,167,186,196,0
292,exp_10,168,187,197,0
293,exp_10,169,188,198,0
294,exp_10,170,189,199,0
295,exp_10,171,190,200,0
296,exp_10,172,191,201,0
297,exp_10,173,192,202,0
298,exp_10,174,193,203,0
299,exp_10,175,194,204,0
300,exp_10,176,195,205,0
301,exp_10,177,196,206,0
302,exp_10,178,197,207,0
303,exp_10,179,198,208,0
304,exp_10,180,199,209,0
305,exp_10,181,200,210,0
306,exp_10,182,201,211,0
307,exp_10,183,202,212,0
308,exp_10,184,203,213,0
309,exp_10,185,204,214,0
310,exp_10,186,205,215,0
311,exp_10,187,206,216,0
312,exp_10,188,207,217,0
313,exp_10,189,208,218,0
314,exp_10,190,209,219,0
315,exp_10,191,210,220,0
316,exp_10,192,211,221,0
317,exp_10,193,212,222,0
318,exp_10,194,213,223,0
319,exp_10,195,214,224,0
320,exp_10,196,215,225,0
321,exp_10,197,216,226,0
322,exp_10,198,217,227,0
323,exp_10,199,218,228,0
324,exp_10,200,219,229,0
325,exp_10,201,220,230,0
326,exp_10,202,221,231,0
327,exp_10,203,222,232,0
328,exp_10,204,223,233,0
329,exp_10,205,224,234,0
330,exp_10,206,225,235,0
331,exp_10,207,226,236,0
332,exp_10,208,227,237,0
333,exp_10,209,228,238,0
334,exp_10,210,229,239,0
335,exp_10,211,230,240,0
336,exp_10,212,231,241,0
337,exp_10,213,232,242,0
338,exp_10,214,233,243,0
339,exp_10,215,234,244,0
340,exp_10,216,235,245,0
341,exp_10,217,236,246,0
342,exp_10,218,237,247,0
343,exp_10,219,238,248,0
344,exp_10,220,239,249,0
345,exp_10,221,240,250,0
346,exp_10,222,241,251,0
347,exp_10,223,242,252,0
348,exp_10,224,243,253,0
349,exp_10,225,244,254,0
350,exp_10,226,245,255,0
351,exp_10,227,246,256,0
352,exp_10,228,247,257,0
353,exp_10,229,248,258,0
354,exp_10,230,249,259,0
355,exp_10,231,250,260,0
356,exp_10,232,251,261,0
357,exp_10,233,252,262,0
358,exp_10,234,253,263,0
359,exp_10,235,254,264,0
360,exp_10,236,255,265,0
361,exp_10,237,256,266,0
362,exp_10,238,257,267,0
363,exp_10,239,258,268,0
364,exp_10,240,259,269,0
365,exp_10,241,260,270,0
366,exp_10,242,261,271,0
367,exp_10,243,262,272,0
368,exp_10,244,263,273,0
369,exp_10,245,264,274,0
370,exp_10,246,265,275,0
371,exp_10,247,266,276,0
372,exp_10,248,267,277,0
373,exp_10,249,268,278,0
374,exp_10,250,269,279,0
375,exp_10,251,270,280,0
376,exp_10,252,271,281,0
377,exp_10,253,272,282,0
378,exp_10,254,273,283,0
379,exp_10,255,274,284,0
380,exp_10,256,275,285,0
381,exp_10,257,276,286,0
382,exp_10,258,277,287,0
383,exp_10,259,278,288,0
384,exp_10,260,279,289,0
385,exp_10,261,280,290,0
386,exp_10,262,281,291,0
387,exp_10,263,282,292,0
388,exp_10,264,283,293,0
389,exp_10,265,284,294,0
390,exp_10,266,285,295,0
391,exp_10,267,286,296,0
392,exp_10,268,287,297,0
393,exp_10,269,288,298,0
394,exp_10,270,289,299,0
395,exp_10,271,290,300,0
396,exp_10,272,291,301,0
397,exp_10,273,292,302,0
398,exp_10,274,293,303,0
399,exp_10,275,294,304,0
400,exp_10,276,295,305,0
401,exp_10,277,296,306,0
402,exp_10,278,297,307,0
403,exp_10,279,298,308,0
404,exp_10,280,299,309,0
405,exp_10,281,300,310,0
406,exp_10,282,301,311,0
407,exp_10,283,302,312,0
408,exp_10,284,303,313,0
409,exp_10,285,304,314,0
410,exp_10,286,305,315,0
411,exp_10,287,306,316,0
412,exp_10,288,307,317,0
413,exp_10,289,308,318,0
414,exp_10,290,309,319,0
415,exp_10,291,310,320,0
416,exp_10,292,311,321,0
417,exp_10,293,312,322,0
418,exp_10,294,313,323,0
419,exp_10,295,314,324,0
420,exp_10,296,315,325,0
421,exp_10,297,316,326,0
422,exp_10,298,317,327,0
423,exp_10,299,318,328,1
424,exp_10,300,319,329,1
425,exp_10,301,320,330,1
426,exp_10,302,321,331,0
427,exp_10,303,322,332,1
428,exp_10,304,323,333,1
429,exp_10,305,324,334,1
430,exp_10,306,325,335,1
431,exp_10,307,326,336,1
432,exp_10,308,327,337,1
433,exp_10,309,328,338,1
434,exp_10,310,329,339,1
435,exp_10,311,330,340,1
436,exp_10,312,331,341,1
437,exp_10,313,332,342,1
438,exp_10,314,333,343,1
439,exp_10,315,334,344,1
440,exp_10,316,335,345,1
441,exp_10,317,336,346,1
442,exp_10,318,337,347,1
443,exp_10,319,338,348,1
444,exp_10,320,339,349,1
445,exp_10,321,340,350,1
446,exp_10,322,341,351,1
447,exp_10,323,342,352,1
448,exp_10,324,343,353,1
449,exp_10,325,344,354,1
450,exp_10,326,345,355,1
451,exp_10,327,346,356,1
452,exp_10,328,347,357,1
453,exp_10,329,348,358,1
454,exp_10,330,349,359,1
455,exp_10,331,350,360,1
456,exp_10,332,351,361,1
457,exp_10,333,352,362,1
458,exp_10,334,353,363,1
459,exp_10,335,354,364,1
460,exp_10,336,355,365,1
461,exp_10,337,356,366,1
462,exp_10,338,357,367,1
463,exp_10,339,358,368,1
464,exp_10,340,359,369,1
465,exp_10,341,360,370,1
466,exp_10,342,361,371,1
467,exp_10,343,362,372,1
468,exp_10,344,363,373,1
469,exp_10,345,364,374,1
470,exp_10,346,365,375,1
471,exp_11,96,115,125,0
472,exp_11,97,116,126,1
473,exp_11,98,117,127,1
474,exp_11,99,118,128,0
475,exp_11,100,119,129,0
476,exp_11,101,120,130,0
477,exp_11,102,121,131,0
478,exp_11,103,122,132,0
479,exp_11,104,123,133,0
480,exp_11,105,124,134,0
481,exp_11,106,125,135,0
482,exp_11,107,126,136,0
483,exp_11,108,127,137,0
484,exp_11,109,128,138,0
485,exp_11,110,129,139,0
486,exp_11,111,130,140,0
487,exp_11,112,131,141,0
488,exp_11,113,132,142,0
489,exp_11,114,133,143,0
490,exp_11,115,134,144,0
491,exp_11,116,135,145,0
492,exp_11,117,136,146,0
493,exp_11,118,137,147,0
494,exp_11,119,138,148,0
495,exp_11,120,139,149,0
496,exp_11,121,140,150,0
497,exp_11,122,141,151,0
498,exp_11,123,142,152,0
499,exp_11,124,143,153,0
500,exp_11,125,144,154,0
501,exp_11,126,145,155,0
502,exp_11,127,146,156,0
503,exp_11,128,147,157,0
504,exp_11,129,148,158,0
505,exp_11,130,149,159,0
506,exp_11,131,150,160,0
507,exp_11,132,151,161,0
508,exp_11,133,152,162,0
509,exp_11,134,153,163,1
510,exp_11,135,154,164,1
511,exp_11,136,155,165,1
512,exp_11,137,156,166,1
513,exp_11,138,157,167,1
514,exp_11,139,158,168,1
515,exp_11,140,159,169,1
516,exp_11,141,160,170,1
517,exp_11,142,161,171,1
518,exp_11,143,162,172,1
519,exp_11,144,163,173,1
520,exp_11,145,164,174,1
521,exp_11,146,165,175,1
522,exp_11,147,166,176,1
523,exp_11,148,167,177,1
524,exp_11,149,168,178,1
525,exp_11,150,169,179,1
526,exp_11,151,170,180,1
527,exp_11,152,171,181,1
528,exp_11,153,172,182,1
529,exp_11,154,173,183,1
530,exp_11,155,174,184,1
531,exp_11,156,175,185,0
532,exp_11,157,176,186,0
533,exp_11,158,177,187,0
534,exp_11,159,178,188,0
535,exp_11,160,179,189,0
536,exp_11,161,180,190,0
537,exp_11,162,181,191,0
538,exp_11,163,182,192,0
539,exp_11,164,183,193,0
540,exp_11,165,184,194,0
541,exp_11,166,185,195,0
542,exp_11,167,186,196,0
543,exp_11,168,187,197,0
544,exp_11,169,188,198,0
545,exp_11,170,189,199,0
546,exp_11,171,190,200,0
547,exp_11,172,191,201,0
548,exp_11,173,192,202,0
549,exp_11,174,193,203,0
550,exp_11,175,194,204,0
551,exp_11,176,195,205,0
552,exp_11,177,196,206,0
553,exp_11,178,197,207,0
554,exp_11,179,198,208,0
555,exp_11,180,199,209,0
556,exp_11,181,200,210,0
557,exp_11,182,201,211,0
558,exp_11,183,202,212,0
559,exp_11,184,203,213,0
560,exp_11,185,204,214,0
561,exp_11,186,205,215,0
562,exp_11,187,206,216,0
563,exp_11,188,207,217,0
564,exp_11,189,208,218,0
565,exp_11,190,209,219,0
566,exp_11,191,210,220,0
567,exp_11,192,211,221,0
568,exp_11,193,212,222,0
569,exp_11,194,213,223,0
570,exp_11,195,214,224,0
571,exp_11,196,215,225,0
572,exp_11,197,216,226,0
573,exp_11,198,217,227,0
574,exp_11,199,218,228,0
575,exp_11,200,219,229,0
576,exp_11,201,220,230,0
577,exp_11,202,221,231,0
578,exp_11,203,222,232,0
579,exp_11,204,223,233,0
580,exp_11,205,224,234,0
581,exp_11,206,225,235,0
582,exp_11,207,226,236,0
583,exp_11,208,227,237,0
584,exp_11,209,228,238,0
585,exp_11,210,229,239,0
586,exp_11,211,230,240,0
587,exp_11,212,231,241,0
588,exp_11,213,232,242,0
589,exp_11,214,233,243,0
590,exp_11,215,234,244,0
591,exp_11,216,235,245,0
592,exp_11,217,236,246,0
593,exp_11,218,237,247,0
594,exp_11,219,238,248,0
595,exp_11,220,239,249,0
596,exp_11,221,240,250,0
597,exp_11,222,241,251,0
598,exp_11,223,242,252,0
599,exp_11,224,243,253,0
600,exp_11,225,244,254,0
601,exp_11,226,245,255,0
602,exp_11,227,246,256,0
603,exp_11,228,247,257,0
604,exp_11,229,248,258,0
605,exp_11,230,249,259,0
606,exp_11,231,250,260,0
607,exp_11,232,251,261,0
608,exp_11,233,252,262,0
609,exp_11,234,253,263,0
610,exp_11,235,254,264,0
611,exp_11,236,255,265,0
612,exp_11,237,256,266,0
613,exp_11,238,257,267,0
614,exp_11,239,258,268,0
615,exp_11,240,259,269,0
616,exp_11,241,260,270,0
617,exp_11,242,261,271,0
618,exp_11,243,262,272,0
619,exp_11,244,263,273,0
620,exp_11,245,264,274,0
621,exp_11,246,265,275,0
622,exp_11,247,266,276,0
623,exp_11,248,267,277,0
624,exp_11,249,268,278,0
625,exp_11,250,269,279,0
626,exp_11,251,270,280,0
627,exp_11,252,271,281,0
628,exp_11,253,272,282,0
629,exp_11,254,273,283,0
630,exp_11,255,274,284,0
631,exp_11,256,275,285,0
632,exp_11,257,276,286,0
633,exp_11,258,277,287,0
634,exp_11,259,278,288,0
635,exp_11,260,279,289,0
636,exp_11,261,280,290,0
637,exp_11,262,281,291,0
638,exp_11,263,282,292,0
639,exp_11,264,283,293,0
640,exp_11,265,284,294,0
641,exp_11,266,285,295,0
642,exp_11,267,286,296,0
643,exp_11,268,287,297,0
644,exp_11,269,288,298,0
645,exp_11,270,289,299,0
646,exp_11,271,290,300,0
647,exp_11,272,291,301,0
648,exp_11,273,292,302,0
649,exp_11,274,293,303,0
650,exp_11,275,294,304,0
651,exp_11,276,295,305,0
652,exp_11,277,296,306,0
653,exp_11,278,297,307,0
654,exp_11,279,298,308,0
655,exp_11,280,299,309,0
656,exp_11,281,300,310,0
657,exp_11,282,301,311,0
658,exp_11,283,302,312,0
659,exp_11,284,303,313,0
660,exp_11,285,304,314,0
661,exp_11,286,305,315,0
662,exp_11,287,306,316,0
663,exp_11,288,307,317,0
664,exp_11,289,308,318,0
665,exp_11,290,309,319,0
666,exp_11,291,310,320,0
667,exp_11,292,311,321,0
668,exp_11,293,312,322,0
669,exp_11,294,313,323,0
670,exp_11,295,314,324,0
671,exp_11,296,315,325,0
672,exp_11,297,316,326,0
673,exp_11,298,317,327,0
674,exp_11,299,318,328,0
675,exp_11,300,319,329,0
676,exp_11,301,320,330,0
677,exp_11,302,321,331,0
678,exp_11,303,322,332,0
679,exp_11,304,323,333,0
680,exp_11,305,324,334,0
681,exp_11,306,325,335,1
682,exp_11,307,326,336,1
683,exp_11,308,327,337,1
684,exp_11,309,328,338,1
685,exp_11,310,329,339,1
686,exp_11,311,330,340,1
687,exp_11,312,331,341,1
688,exp_11,313,332,342,1
689,exp_11,314,333,343,1
690,exp_11,315,334,344,1
691,exp_11,316,335,345,1
692,exp_11,317,336,346,1
693,exp_11,318,337,347,1
694,exp_11,319,338,348,1
695,exp_11,320,339,349,1
696,exp_11,321,340,350,1
697,exp_11,322,341,351,1
698,exp_11,323,342,352,1
699,exp_11,324,343,353,1
700,exp_11,325,344,354,1
701,exp_11,326,345,355,1
702,exp_11,327,346,356,1
703,exp_11,328,347,357,1
704,exp_11,329,348,358,1
705,exp_11,330,349,359,1
706,exp_11,331,350,360,1
707,exp_11,332,351,361,1
708,exp_11,333,352,362,1
709,exp_11,334,353,363,2
710,exp_11,335,354,364,2
711,exp_11,336,355,365,2
712,exp_11,337,356,366,2
713,exp_11,338,357,367,2
714,exp_11,339,358,368,2
715,exp_11,340,359,369,2
716,exp_11,341,360,370,2
717,exp_11,342,361,371,2
718,exp_11,343,362,372,2
719,exp_11,344,363,373,2
720,exp_11,345,364,374,2
721,exp_2,165,184,194,3
722,exp_2,166,185,195,3
723,exp_2,167,186,196,3
724,exp_2,168,187,197,3
725,exp_2,169,188,198,3
726,exp_2,170,189,199,3
727,exp_2,171,190,200,3
728,exp_2,172,191,201,3
729,exp_2,173,192,202,3
730,exp_2,174,193,203,3
731,exp_2,175,194,204,3
732,exp_2,176,195,205,3
733,exp_2,177,196,206,3
734,exp_2,178,197,207,3
735,exp_2,179,198,208,3
736,exp_2,180,199,209,3
737,exp_2,181,200,210,3
738,exp_2,182,201,211,3
739,exp_2,183,202,212,3
740,exp_2,184,203,213,3
741,exp_2,185,204,214,3
742,exp_2,186,205,215,3
743,exp_2,187,206,216,3
744,exp_2,188,207,217,3
745,exp_2,189,208,218,3
746,exp_2,190,209,219,3
747,exp_2,191,210,220,3
748,exp_2,192,211,221,3
749,exp_2,193,212,222,3
750,exp_2,194,213,223,3
751,exp_2,195,214,224,3
752,exp_2,196,215,225,3
753,exp_2,197,216,226,3
754,exp_2,198,217,227,3
755,exp_2,199,218,228,3
756,exp_2,200,219,229,3
757,exp_2,201,220,230,3
758,exp_2,202,221,231,3
759,exp_2,203,222,232,3
760,exp_2,204,223,233,3
761,exp_2,205,224,234,3
762,exp_2,206,225,235,3
763,exp_2,207,226,236,3
764,exp_2,208,227,237,3
765,exp_2,209,228,238,3
766,exp_2,210,229,239,3
767,exp_2,211,230,240,3
768,exp_2,212,231,241,3
769,exp_2,213,232,242,3
770,exp_2,214,233,243,3
771,exp_2,215,234,244,3
772,exp_2,216,235,245,3
773,exp_2,217,236,246,3
774,exp_2,218,237,247,3
775,exp_2,219,238,248,3
776,exp_2,220,239,249,3
777,exp_2,221,240,250,3
778,exp_2,222,241,251,3
779,exp_2,223,242,252,3
780,exp_2,224,243,253,3
781,exp_2,225,244,254,3
782,exp_2,226,245,255,3
783,exp_2,227,246,256,3
784,exp_2,228,247,257,3
785,exp_2,229,248,258,3
786,exp_2,230,249,259,3
787,exp_2,231,250,260,3
788,exp_2,232,251,261,3
789,exp_2,233,252,262,3
790,exp_2,234,253,263,3
791,exp_2,235,254,264,3
792,exp_2,236,255,265,3
793,exp_2,237,256,266,3
794,exp_2,238,257,267,3
795,exp_2,239,258,268,3
796,exp_2,240,259,269,3
797,exp_2,241,260,270,3
798,exp_2,242,261,271,3
799,exp_2,243,262,272,3
800,exp_2,244,263,273,3
801,exp_2,245,264,274,3
802,exp_2,246,265,275,3
803,exp_2,247,266,276,3
804,exp_2,248,267,277,3
805,exp_2,249,268,278,3
806,exp_2,250,269,279,3
807,exp_2,251,270,280,3
808,exp_2,252,271,281,3
809,exp_2,253,272,282,3
810,exp_2,254,273,283,3
811,exp_2,255,274,284,3
812,exp_2,256,275,285,3
813,exp_2,257,276,286,3
814,exp_2,258,277,287,3
815,exp_2,259,278,288,3
816,exp_2,260,279,289,3
817,exp_2,261,280,290,3
818,exp_2,262,281,291,3
819,exp_2,263,282,292,3
820,exp_2,264,283,293,3
821,exp_2,265,284,294,3
822,exp_2,266,285,295,3
823,exp_2,267,286,296,3
824,exp_2,268,287,297,3
825,exp_2,269,288,298,3
826,exp_2,270,289,299,3
827,exp_2,271,290,300,3
828,exp_2,272,291,301,3
829,exp_2,273,292,302,3
830,exp_2,274,293,303,3
831,exp_2,275,294,304,3
832,exp_2,276,295,305,3
833,exp_2,277,296,306,3
834,exp_2,278,297,307,3
835,exp_2,279,298,308,3
836,exp_2,280,299,309,3
837,exp_2,281,300,310,3
838,exp_2,282,301,311,3
839,exp_2,283,302,312,3
840,exp_2,284,303,313,3
841,exp_2,285,304,314,3
842,exp_2,286,305,315,3
843,exp_2,287,306,316,3
844,exp_2,288,307,317,3
845,exp_2,289,308,318,3
846,exp_2,290,309,319,3
847,exp_2,291,310,320,3
848,exp_2,292,311,321,3
849,exp_2,293,312,322,3
850,exp_2,294,313,323,3
851,exp_2,295,314,324,3
852,exp_2,296,315,325,3
853,exp_2,297,316,326,3
854,exp_2,298,317,327,3
855,exp_2,299,318,328,3
856,exp_2,300,319,329,3
857,exp_2,301,320,330,3
858,exp_2,302,321,331,3
859,exp_2,303,322,332,3
860,exp_2,304,323,333,3
861,exp_2,305,324,334,3
862,exp_2,306,325,335,3
863,exp_2,307,326,336,3
864,exp_2,308,327,337,3
865,exp_2,309,328,338,3
866,exp_2,310,329,339,3
867,exp_2,311,330,340,3
868,exp_2,312,331,341,3
869,exp_2,313,332,342,3
870,exp_2,314,333,343,3
871,exp_2,315,334,344,3
872,exp_2,316,335,345,3
873,exp_2,317,336,346,3
874,exp_2,318,337,347,3
875,exp_2,319,338,348,3
876,exp_2,320,339,349,3
877,exp_2,321,340,350,3
878,exp_2,322,341,351,3
879,exp_2,323,342,352,3
880,exp_2,324,343,353,3
881,exp_2,325,344,354,3
882,exp_2,326,345,355,3
883,exp_2,327,346,356,3
884,exp_2,328,347,357,3
885,exp_2,329,348,358,3
886,exp_2,330,349,359,3
887,exp_2,331,350,360,3
888,exp_2,332,351,361,3
889,exp_2,333,352,362,3
890,exp_2,334,353,363,3
891,exp_2,335,354,364,3
892,exp_2,336,355,365,3
893,exp_2,337,356,366,3
894,exp_2,338,357,367,3
895,exp_2,339,358,368,3
896,exp_2,340,359,369,3
897,exp_2,341,360,370,3
898,exp_2,342,361,371,3
899,exp_2,343,362,372,3
900,exp_2,344,363,373,3
901,exp_2,345,364,374,3
902,exp_2,346,365,375,3
903,exp_2,347,366,376,3
904,exp_2,348,367,377,3
905,exp_2,349,368,378,3
906,exp_2,350,369,379,3
907,exp_2,351,370,380,3
908,exp_2,352,371,381,3
909,exp_2,353,372,382,3
910,exp_2,354,373,383,2
911,exp_2,355,374,384,2
912,exp_2,356,375,385,3
913,exp_2,357,376,386,3
914,exp_2,358,377,387,3
915,exp_2,359,378,388,3
916,exp_2,360,379,389,3
917,exp_2,361,380,390,2
918,exp_2,362,381,391,3
919,exp_2,363,382,392,3
920,exp_2,364,383,393,3
921,exp_2,365,384,394,3
922,exp_2,366,385,395,3
923,exp_2,367,386,396,3
924,exp_2,368,387,397,2
925,exp_2,369,388,398,2
926,exp_2,370,389,399,2
927,exp_2,371,390,400,2
928,exp_2,372,391,401,2
929,exp_2,373,392,402,2
930,exp_2,374,393,403,2
931,exp_2,375,394,404,2
932,exp_2,376,395,405,2
933,exp_2,377,396,406,2
934,exp_2,378,397,407,2
935,exp_2,379,398,408,2
936,exp_2,380,399,409,2
937,exp_2,381,400,410,2
938,exp_2,382,401,411,3
939,exp_2,383,402,412,3
940,exp_2,384,403,413,3
941,exp_2,385,404,414,3
942,exp_2,386,405,415,3
943,exp_2,387,406,416,3
944,exp_2,388,407,417,3
945,exp_2,389,408,418,3
946,exp_2,390,409,419,3
947,exp_2,391,410,420,0
948,exp_3,185,204,214,2
949,exp_3,186,205,215,2
950,exp_3,187,206,216,2
951,exp_3,188,207,217,2
952,exp_3,189,208,218,3
953,exp_3,190,209,219,3
954,exp_3,191,210,220,3
955,exp_3,192,211,221,3
956,exp_3,193,212,222,3
957,exp_3,194,213,223,3
958,exp_3,195,214,224,3
959,exp_3,196,215,225,3
960,exp_3,197,216,226,3
961,exp_3,198,217,227,3
962,exp_3,199,218,228,3
963,exp_3,200,219,229,3
964,exp_3,201,220,230,3
965,exp_3,202,221,231,3
966,exp_3,203,222,232,3
967,exp_3,204,223,233,3
968,exp_3,205,224,234,3
969,exp_3,206,225,235,3
970,exp_3,207,226,236,3
971,exp_3,208,227,237,3
972,exp_3,209,228,238,3
973,exp_3,210,229,239,3
974,exp_3,211,230,240,3
975,exp_3,212,231,241,3
976,exp_3,213,232,242,3
977,exp_3,214,233,243,3
978,exp_3,215,234,244,3
979,exp_3,216,235,245,3
980,exp_3,217,236,246,3
981,exp_3,218,237,247,3
982,exp_3,219,238,248,3
983,exp_3,220,239,249,3
984,exp_3,221,240,250,3
985,exp_3,222,241,251,3
986,exp_3,223,242,252,3
987,exp_3,224,243,253,3
988,exp_3,225,244,254,3
989,exp_3,226,245,255,3
990,exp_3,227,246,256,3
991,exp_3,228,247,257,3
992,exp_3,229,248,258,3
993,exp_3,230,249,259,3
994,exp_3,231,250,260,3
995,exp_3,232,251,261,3
996,exp_3,233,252,262,3
997,exp_3,234,253,263,3
998,exp_3,235,254,264,3
999,exp_3,236,255,265,3
1000,exp_3,237,256,266,3
1001,exp_3,238,257,267,3
1002,exp_3,239,258,268,3
1003,exp_3,240,259,269,3
1004,exp_3,241,260,270,3
1005,exp_3,242,261,271,3
1006,exp_3,243,262,272,3
1007,exp_3,244,263,273,3
1008,exp_3,245,264,274,3
1009,exp_3,246,265,275,3
1010,exp_3,247,266,276,3
1011,exp_3,248,267,277,3
1012,exp_3,249,268,278,3
1013,exp_3,250,269,279,3
1014,exp_3,251,270,280,3
1015,exp_3,252,271,281,3
1016,exp_3,253,272,282,3
1017,exp_3,254,273,283,3
1018,exp_3,255,274,284,3
1019,exp_3,256,275,285,3
1020,exp_3,257,276,286,3
1021,exp_3,258,277,287,3
1022,exp_3,259,278,288,3
1023,exp_3,260,279,289,3
1024,exp_3,261,280,290,3
1025,exp_3,262,281,291,3
1026,exp_3,263,282,292,3
1027,exp_3,264,283,293,3
1028,exp_3,265,284,294,3
1029,exp_3,266,285,295,3
1030,exp_3,267,286,296,3
1031,exp_3,268,287,297,3
1032,exp_3,269,288,298,3
1033,exp_3,270,289,299,3
1034,exp_3,271,290,300,3
1035,exp_3,272,291,301,3
1036,exp_3,273,292,302,3
1037,exp_3,274,293,303,3
1038,exp_3,275,294,304,3
1039,exp_3,276,295,305,3
1040,exp_3,277,296,306,3
1041,exp_3,278,297,307,3
1042,exp_3,279,298,308,3
1043,exp_3,280,299,309,3
1044,exp_3,281,300,310,3
1045,exp_3,282,301,311,3
1046,exp_3,283,302,312,3
1047,exp_3,284,303,313,3
1048,exp_3,285,304,314,3
1049,exp_3,286,305,315,3
1050,exp_3,287,306,316,3
1051,exp_3,288,307,317,3
1052,exp_3,289,308,318,3
1053,exp_3,290,309,319,3
1054,exp_3,291,310,320,3
1055,exp_3,292,311,321,3
1056,exp_3,293,312,322,3
1057,exp_3,294,313,323,3
1058,exp_3,295,314,324,3
1059,exp_3,296,315,325,3
1060,exp_3,297,316,326,3
1061,exp_3,298,317,327,3
1062,exp_3,299,318,328,3
1063,exp_3,300,319,329,3
1064,exp_3,301,320,330,3
1065,exp_3,302,321,331,3
1066,exp_3,303,322,332,3
1067,exp_3,304,323,333,3
1068,exp_3,305,324,334,3
1069,exp_3,306,325,335,3
1070,exp_3,307,326,336,3
1071,exp_3,308,327,337,3
1072,exp_3,309,328,338,3
1073,exp_3,310,329,339,3
1074,exp_3,311,330,340,3
1075,exp_3,312,331,341,3
1076,exp_3,313,332,342,3
1077,exp_3,314,333,343,3
1078,exp_3,315,334,344,3
1079,exp_3,316,335,345,3
1080,exp_3,317,336,346,3
1081,exp_3,318,337,347,3
1082,exp_3,319,338,348,3
1083,exp_3,320,339,349,3
1084,exp_3,321,340,350,3
1085,exp_3,322,341,351,3
1086,exp_3,323,342,352,3
1087,exp_3,324,343,353,3
1088,exp_3,325,344,354,3
1089,exp_3,326,345,355,3
1090,exp_3,327,346,356,3
1091,exp_3,328,347,357,3
1092,exp_3,329,348,358,3
1093,exp_3,330,349,359,3
1094,exp_3,331,350,360,3
1095,exp_3,332,351,361,3
1096,exp_3,333,352,362,3
1097,exp_3,334,353,363,3
1098,exp_3,335,354,364,3
1099,exp_3,336,355,365,3
1100,exp_3,337,356,366,3
1101,exp_3,338,357,367,3
1102,exp_3,339,358,368,3
1103,exp_3,340,359,369,3
1104,exp_3,341,360,370,3
1105,exp_3,342,361,371,3
1106,exp_3,343,362,372,3
1107,exp_3,344,363,373,3
1108,exp_3,345,364,374,3
1109,exp_3,346,365,375,3
1110,exp_3,347,366,376,3
1111,exp_3,348,367,377,3
1112,exp_3,349,368,378,3
1113,exp_3,350,369,379,3
1114,exp_3,351,370,380,3
1115,exp_3,352,371,381,3
1116,exp_3,353,372,382,3
1117,exp_3,354,373,383,3
1118,exp_3,355,374,384,3
1119,exp_3,356,375,385,3
1120,exp_3,357,376,386,3
1121,exp_3,358,377,387,3
1122,exp_3,359,378,388,3
1123,exp_3,360,379,389,3
1124,exp_3,361,380,390,3
1125,exp_3,362,381,391,3
1126,exp_3,363,382,392,3
1127,exp_3,364,383,393,3
1128,exp_3,365,384,394,3
1129,exp_3,366,385,395,3
1130,exp_3,367,386,396,3
1131,exp_3,368,387,397,3
1132,exp_3,369,388,398,3
1133,exp_3,370,389,399,3
1134,exp_3,371,390,400,3
1135,exp_3,372,391,401,3
1136,exp_3,373,392,402,3
1137,exp_3,374,393,403,3
1138,exp_3,375,394,404,3
1139,exp_3,376,395,405,3
1140,exp_3,377,396,406,3
1141,exp_3,378,397,407,3
1142,exp_3,379,398,408,3
1143,exp_3,380,399,409,3
1144,exp_3,381,400,410,3
1145,exp_3,382,401,411,3
1146,exp_3,383,402,412,3
1147,exp_3,384,403,413,3
1148,exp_3,385,404,414,3
1149,exp_3,386,405,415,3
1150,exp_3,387,406,416,3
1151,exp_3,388,407,417,3
1152,exp_3,389,408,418,3
1153,exp_3,390,409,419,3
1154,exp_3,391,410,420,3
1155,exp_3,392,411,421,3
1156,exp_3,393,412,422,3
1157,exp_3,394,413,423,3
1158,exp_3,395,414,424,3
1159,exp_3,396,415,425,3
1160,exp_3,397,416,426,3
1161,exp_3,398,417,427,3
1162,exp_3,399,418,428,3
1163,exp_3,400,419,429,3
1164,exp_3,401,420,430,3
1165,exp_3,402,421,431,3
1166,exp_3,403,422,432,3
1167,exp_3,404,423,433,3
1168,exp_3,405,424,434,3
1169,exp_3,406,425,435,3
1170,exp_3,407,426,436,3
1171,exp_3,408,427,437,3
1172,exp_3,409,428,438,3
1173,exp_3,410,429,439,3
1174,exp_3,411,430,440,0
1175,exp_4,112,131,141,0
1176,exp_4,113,132,142,0
1177,exp_4,114,133,143,0
1178,exp_4,115,134,144,0
1179,exp_4,116,135,145,0
1180,exp_4,117,136,146,0
1181,exp_4,118,137,147,0
1182,exp_4,119,138,148,0
1183,exp_4,120,139,149,0
1184,exp_4,121,140,150,0
1185,exp_4,122,141,151,0
1186,exp_4,123,142,152,0
1187,exp_4,124,143,153,0
1188,exp_4,125,144,154,0
1189,exp_4,126,145,155,1
1190,exp_4,127,146,156,1
1191,exp_4,128,147,157,1
1192,exp_4,129,148,158,1
1193,exp_4,130,149,159,1
1194,exp_4,131,150,160,1
1195,exp_4,132,151,161,1
1196,exp_4,133,152,162,1
1197,exp_4,134,153,163,1
1198,exp_4,135,154,164,1
1199,exp_4,136,155,165,1
1200,exp_4,137,156,166,1
1201,exp_4,138,157,167,1
1202,exp_4,139,158,168,1
1203,exp_4,140,159,169,1
1204,exp_4,141,160,170,1
1205,exp_4,142,161,171,1
1206,exp_4,143,162,172,1
1207,exp_4,144,163,173,1
1208,exp_4,145,164,174,1
1209,exp_4,146,165,175,1
1210,exp_4,147,166,176,1
1211,exp_4,148,167,177,1
1212,exp_4,149,168,178,1
1213,exp_4,150,169,179,1
1214,exp_4,151,170,180,1
1215,exp_4,152,171,181,1
1216,exp_4,153,172,182,1
1217,exp_4,154,173,183,1
1218,exp_4,155,174,184,1
1219,exp_4,156,175,185,1
1220,exp_4,157,176,186,1
1221,exp_4,158,177,187,1
1222,exp_4,159,178,188,1
1223,exp_4,160,179,189,1
1224,exp_4,161,180,190,1
1225,exp_4,162,181,191,1
1226,exp_4,163,182,192,1
1227,exp_4,164,183,193,0
1228,exp_4,165,184,194,1
1229,exp_4,166,185,195,1
1230,exp_4,167,186,196,1
1231,exp_4,168,187,197,1
1232,exp_4,169,188,198,1
1233,exp_4,170,189,199,0
1234,exp_4,171,190,200,0
1235,exp_4,172,191,201,0
1236,exp_4,173,192,202,0
1237,exp_4,174,193,203,1
1238,exp_4,175,194,204,1
1239,exp_4,176,195,205,1
1240,exp_4,177,196,206,1
1241,exp_4,178,197,207,1
1242,exp_4,179,198,208,1
1243,exp_4,180,199,209,1
1244,exp_4,181,200,210,1
1245,exp_4,182,201,211,1
1246,exp_4,183,202,212,1
1247,exp_4,184,203,213,1
1248,exp_4,185,204,214,1
1249,exp_4,186,205,215,1
1250,exp_4,187,206,216,1
1251,exp_4,188,207,217,1
1252,exp_4,189,208,218,0
1253,exp_4,190,209,219,0
1254,exp_4,191,210,220,0
1255,exp_4,192,211,221,0
1256,exp_4,193,212,222,0
1257,exp_4,194,213,223,0
1258,exp_4,195,214,224,0
1259,exp_4,196,215,225,0
1260,exp_4,197,216,226,0
1261,exp_4,198,217,227,0
1262,exp_4,199,218,228,0
1263,exp_4,200,219,229,0
1264,exp_4,201,220,230,0
1265,exp_4,202,221,231,0
1266,exp_4,203,222,232,0
1267,exp_4,204,223,233,0
1268,exp_4,205,224,234,0
1269,exp_4,206,225,235,0
1270,exp_4,207,226,236,0
1271,exp_4,208,227,237,0
1272,exp_4,209,228,238,0
1273,exp_4,210,229,239,0
1274,exp_4,211,230,240,0
1275,exp_4,212,231,241,0
1276,exp_4,213,232,242,0
1277,exp_4,214,233,243,0
1278,exp_4,215,234,244,0
1279,exp_4,216,235,245,0
1280,exp_4,217,236,246,0
1281,exp_4,218,237,247,0
1282,exp_4,219,238,248,0
1283,exp_4,220,239,249,0
1284,exp_4,221,240,250,0
1285,exp_4,222,241,251,0
1286,exp_4,223,242,252,0
1287,exp_4,224,243,253,0
1288,exp_4,225,244,254,0
1289,exp_4,226,245,255,0
1290,exp_4,227,246,256,0
1291,exp_4,228,247,257,0
1292,exp_4,229,248,258,0
1293,exp_4,230,249,259,0
1294,exp_4,231,250,260,0
1295,exp_4,232,251,261,0
1296,exp_4,233,252,262,0
1297,exp_4,234,253,263,0
1298,exp_4,235,254,264,0
1299,exp_4,236,255,265,0
1300,exp_4,237,256,266,0
1301,exp_4,238,257,267,0
1302,exp_4,239,258,268,0
1303,exp_4,240,259,269,0
1304,exp_4,241,260,270,0
1305,exp_4,242,261,271,0
1306,exp_4,243,262,272,0
1307,exp_4,244,263,273,1
1308,exp_4,245,264,274,0
1309,exp_4,246,265,275,1
1310,exp_4,247,266,276,0
1311,exp_4,248,267,277,1
1312,exp_4,249,268,278,1
1313,exp_4,250,269,279,1
1314,exp_4,251,270,280,1
1315,exp_4,252,271,281,0
1316,exp_4,253,272,282,1
1317,exp_4,254,273,283,0
1318,exp_4,255,274,284,0
1319,exp_4,256,275,285,0
1320,exp_4,257,276,286,1
1321,exp_4,258,277,287,1
1322,exp_4,259,278,288,1
1323,exp_4,260,279,289,1
1324,exp_4,261,280,290,1
1325,exp_4,262,281,291,1
1326,exp_4,263,282,292,1
1327,exp_4,264,283,293,1
1328,exp_4,265,284,294,1
1329,exp_4,266,285,295,1
1330,exp_4,267,286,296,1
1331,exp_4,268,287,297,1
1332,exp_4,269,288,298,1
1333,exp_4,270,289,299,1
1334,exp_4,271,290,300,1
1335,exp_4,272,291,301,1
1336,exp_4,273,292,302,1
1337,exp_4,274,293,303,1
1338,exp_4,275,294,304,1
1339,exp_4,276,295,305,1
1340,exp_4,277,296,306,1
1341,exp_4,278,297,307,1
1342,exp_4,279,298,308,1
1343,exp_4,280,299,309,1
1344,exp_4,281,300,310,1
1345,exp_4,282,301,311,1
1346,exp_4,283,302,312,1
1347,exp_4,284,303,313,1
1348,exp_4,285,304,314,1
1349,exp_4,286,305,315,1
1350,exp_4,287,306,316,1
1351,exp_4,288,307,317,1
1352,exp_4,289,308,318,1
1353,exp_4,290,309,319,1
1354,exp_4,291,310,320,1
1355,exp_4,292,311,321,1
1356,exp_4,293,312,322,1
1357,exp_4,294,313,323,1
1358,exp_4,295,314,324,0
1359,exp_4,296,315,325,0
1360,exp_4,297,316,326,0
1361,exp_4,298,317,327,0
1362,exp_4,299,318,328,0
1363,exp_4,300,319,329,0
1364,exp_4,301,320,330,0
1365,exp_4,302,321,331,0
1366,exp_4,303,322,332,0
1367,exp_4,304,323,333,0
1368,exp_4,305,324,334,0
1369,exp_4,306,325,335,0
1370,exp_4,307,326,336,0
1371,exp_4,308,327,337,0
1372,exp_4,309,328,338,0
1373,exp_4,310,329,339,0
1374,exp_4,311,330,340,0
1375,exp_4,312,331,341,0
1376,exp_4,313,332,342,0
1377,exp_4,314,333,343,0
1378,exp_4,315,334,344,0
1379,exp_4,316,335,345,0
1380,exp_4,317,336,346,0
1381,exp_4,318,337,347,0
1382,exp_4,319,338,348,0
1383,exp_4,320,339,349,0
1384,exp_4,321,340,350,0
1385,exp_4,322,341,351,0
1386,exp_4,323,342,352,0
1387,exp_4,324,343,353,0
1388,exp_4,325,344,354,0
1389,exp_4,326,345,355,0
1390,exp_4,327,346,356,0
1391,exp_4,328,347,357,0
1392,exp_4,329,348,358,0
1393,exp_4,330,349,359,0
1394,exp_4,331,350,360,0
1395,exp_4,332,351,361,0
1396,exp_4,333,352,362,0
1397,exp_4,334,353,363,0
1398,exp_4,335,354,364,0
1399,exp_4,336,355,365,0
1400,exp_4,337,356,366,0
1401,exp_4,338,357,367,0
1402,exp_4,339,358,368,0
1403,exp_4,340,359,369,0
1404,exp_4,341,360,370,0
1405,exp_4,342,361,371,0
1406,exp_4,343,362,372,0
1407,exp_4,344,363,373,0
1408,exp_4,345,364,374,0
1409,exp_4,346,365,375,0
1410,exp_4,347,366,376,0
1411,exp_5,138,157,167,2
1412,exp_5,139,158,168,2
1413,exp_5,140,159,169,2
1414,exp_5,141,160,170,2
1415,exp_5,142,161,171,2
1416,exp_5,143,162,172,2
1417,exp_5,144,163,173,2
1418,exp_5,145,164,174,2
1419,exp_5,146,165,175,2
1420,exp_5,147,166,176,2
1421,exp_5,148,167,177,2
1422,exp_5,149,168,178,2
1423,exp_5,150,169,179,2
1424,exp_5,151,170,180,2
1425,exp_5,152,171,181,2
1426,exp_5,153,172,182,2
1427,exp_5,154,173,183,2
1428,exp_5,155,174,184,2
1429,exp_5,156,175,185,2
1430,exp_5,157,176,186,2
1431,exp_5,158,177,187,2
1432,exp_5,159,178,188,2
1433,exp_5,160,179,189,2
1434,exp_5,161,180,190,2
1435,exp_5,162,181,191,2
1436,exp_5,163,182,192,2
1437,exp_5,164,183,193,2
1438,exp_5,165,184,194,2
1439,exp_5,166,185,195,2
1440,exp_5,167,186,196,2
1441,exp_5,168,187,197,2
1442,exp_5,169,188,198,2
1443,exp_5,170,189,199,2
1444,exp_5,171,190,200,2
1445,exp_5,172,191,201,2
1446,exp_5,173,192,202,2
1447,exp_5,174,193,203,2
1448,exp_5,175,194,204,2
1449,exp_5,176,195,205,2
1450,exp_5,177,196,206,2
1451,exp_5,178,197,207,2
1452,exp_5,179,198,208,2
1453,exp_5,180,199,209,2
1454,exp_5,181,200,210,2
1455,exp_5,182,201,211,2
1456,exp_5,183,202,212,2
1457,exp_5,184,203,213,2
1458,exp_5,185,204,214,2
1459,exp_5,186,205,215,2
1460,exp_5,187,206,216,2
1461,exp_5,188,207,217,2
1462,exp_5,189,208,218,2
1463,exp_5,190,209,219,2
1464,exp_5,191,210,220,2
1465,exp_5,192,211,221,2
1466,exp_5,193,212,222,2
1467,exp_5,194,213,223,2
1468,exp_5,195,214,224,2
1469,exp_5,196,215,225,2
1470,exp_5,197,216,226,2
1471,exp_5,198,217,227,2
1472,exp_5,199,218,228,2
1473,exp_5,200,219,229,2
1474,exp_5,201,220,230,2
1475,exp_5,202,221,231,2
1476,exp_5,203,222,232,2
1477,exp_5,204,223,233,2
1478,exp_5,205,224,234,2
1479,exp_5,206,225,235,2
1480,exp_5,207,226,236,2
1481,exp_5,208,227,237,2
1482,exp_5,209,228,238,2
1483,exp_5,210,229,239,2
1484,exp_5,211,230,240,2
1485,exp_5,212,231,241,2
1486,exp_5,213,232,242,2
1487,exp_5,214,233,243,2
1488,exp_5,215,234,244,2
1489,exp_5,216,235,245,2
1490,exp_5,217,236,246,2
1491,exp_5,218,237,247,2
1492,exp_5,219,238,248,2
1493,exp_5,220,239,249,2
1494,exp_5,221,240,250,2
1495,exp_5,222,241,251,2
1496,exp_5,223,242,252,2
1497,exp_5,224,243,253,2
1498,exp_5,225,244,254,2
1499,exp_5,226,245,255,2
1500,exp_5,227,246,256,2
1501,exp_5,228,247,257,2
1502,exp_5,229,248,258,2
1503,exp_5,230,249,259,2
1504,exp_5,231,250,260,2
1505,exp_5,232,251,261,2
1506,exp_5,233,252,262,2
1507,exp_5,234,253,263,2
1508,exp_5,235,254,264,2
1509,exp_5,236,255,265,2
1510,exp_5,237,256,266,2
1511,exp_5,238,257,267,2
1512,exp_5,239,258,268,2
1513,exp_5,240,259,269,2
1514,exp_5,241,260,270,2
1515,exp_5,242,261,271,2
1516,exp_5,243,262,272,2
1517,exp_5,244,263,273,2
1518,exp_5,245,264,274,2
1519,exp_5,246,265,275,2
1520,exp_5,247,266,276,2
1521,exp_5,248,267,277,2
1522,exp_5,249,268,278,2
1523,exp_5,250,269,279,2
1524,exp_5,251,270,280,2
1525,exp_5,252,271,281,2
1526,exp_5,253,272,282,2
1527,exp_5,254,273,283,2
1528,exp_5,255,274,284,2
1529,exp_5,256,275,285,2
1530,exp_5,257,276,286,2
1531,exp_5,258,277,287,2
1532,exp_5,259,278,288,2
1533,exp_5,260,279,289,2
1534,exp_5,261,280,290,2
1535,exp_5,262,281,291,2
1536,exp_5,263,282,292,2
1537,exp_5,264,283,293,2
1538,exp_5,265,284,294,2
1539,exp_5,266,285,295,2
1540,exp_5,267,286,296,2
1541,exp_5,268,287,297,2
1542,exp_5,269,288,298,2
1543,exp_5,270,289,299,2
1544,exp_5,271,290,300,2
1545,exp_5,272,291,301,2
1546,exp_5,273,292,302,2
1547,exp_5,274,293,303,2
1548,exp_5,275,294,304,2
1549,exp_5,276,295,305,2
1550,exp_5,277,296,306,2
1551,exp_5,278,297,307,2
1552,exp_5,279,298,308,2
1553,exp_5,280,299,309,2
1554,exp_5,281,300,310,2
1555,exp_5,282,301,311,2
1556,exp_5,283,302,312,2
1557,exp_5,284,303,313,2
1558,exp_5,285,304,314,2
1559,exp_5,286,305,315,2
1560,exp_5,287,306,316,2
1561,exp_5,288,307,317,1
1562,exp_5,289,308,318,1
1563,exp_5,290,309,319,1
1564,exp_5,291,310,320,1
1565,exp_5,292,311,321,1
1566,exp_5,293,312,322,1
1567,exp_5,294,313,323,1
1568,exp_5,295,314,324,2
1569,exp_5,296,315,325,2
1570,exp_5,297,316,326,2
1571,exp_5,298,317,327,2
1572,exp_5,299,318,328,2
1573,exp_5,300,319,329,2
1574,exp_5,301,320,330,2
1575,exp_5,302,321,331,2
1576,exp_5,303,322,332,2
1577,exp_5,304,323,333,2
1578,exp_5,305,324,334,2
1579,exp_5,306,325,335,2
1580,exp_5,307,326,336,2
1581,exp_5,308,327,337,2
1582,exp_5,309,328,338,2
1583,exp_5,310,329,339,2
1584,exp_5,311,330,340,2
1585,exp_5,312,331,341,2
1586,exp_5,313,332,342,2
1587,exp_5,314,333,343,2
1588,exp_5,315,334,344,2
1589,exp_5,316,335,345,2
1590,exp_5,317,336,346,2
1591,exp_5,318,337,347,2
1592,exp_5,319,338,348,2
1593,exp_5,320,339,349,2
1594,exp_5,321,340,350,2
1595,exp_5,322,341,351,2
1596,exp_5,323,342,352,2
1597,exp_5,324,343,353,2
1598,exp_5,325,344,354,2
1599,exp_5,326,345,355,2
1600,exp_5,327,346,356,2
1601,exp_5,328,347,357,2
1602,exp_5,329,348,358,2
1603,exp_5,330,349,359,2
1604,exp_5,331,350,360,2
1605,exp_5,332,351,361,2
1606,exp_5,333,352,362,2
1607,exp_5,334,353,363,2
1608,exp_5,335,354,364,2
1609,exp_5,336,355,365,2
1610,exp_5,337,356,366,2
1611,exp_5,338,357,367,1
1612,exp_5,339,358,368,1
1613,exp_5,340,359,369,2
1614,exp_5,341,360,370,2
1615,exp_5,342,361,371,2
1616,exp_5,343,362,372,2
1617,exp_5,344,363,373,2
1618,exp_5,345,364,374,2
1619,exp_5,346,365,375,2
1620,exp_5,347,366,376,2
1621,exp_5,348,367,377,2
1622,exp_5,349,368,378,2
1623,exp_5,350,369,379,2
1624,exp_5,351,370,380,2
1625,exp_5,352,371,381,2
1626,exp_5,353,372,382,2
1627,exp_5,354,373,383,2
1628,exp_5,355,374,384,2
1629,exp_5,356,375,385,2
1630,exp_5,357,376,386,2
1631,exp_5,358,377,387,2
1632,exp_5,359,378,388,2
1633,exp_5,360,379,389,2
1634,exp_5,361,380,390,2
1635,exp_5,362,381,391,2
1636,exp_5,363,382,392,2
1637,exp_5,364,383,393,2
1638,exp_5,365,384,394,2
1639,exp_5,366,385,395,2
1640,exp_5,367,386,396,2
1641,exp_5,368,387,397,2
1642,exp_5,369,388,398,2
1643,exp_5,370,389,399,2
1644,exp_5,371,390,400,2
1645,exp_6,119,138,148,1
1646,exp_6,120,139,149,1
1647,exp_6,121,140,150,1
1648,exp_6,122,141,151,1
1649,exp_6,123,142,152,1
1650,exp_6,124,143,153,1
1651,exp_6,125,144,154,1
1652,exp_6,126,145,155,1
1653,exp_6,127,146,156,1
1654,exp_6,128,147,157,1
1655,exp_6,129,148,158,1
1656,exp_6,130,149,159,1
1657,exp_6,131,150,160,1
1658,exp_6,132,151,161,1
1659,exp_6,133,152,162,1
1660,exp_6,134,153,163,1
1661,exp_6,135,154,164,1
1662,exp_6,136,155,165,1
1663,exp_6,137,156,166,1
1664,exp_6,138,157,167,1
1665,exp_6,139,158,168,1
1666,exp_6,140,159,169,1
1667,exp_6,141,160,170,1
1668,exp_6,142,161,171,1
1669,exp_6,143,162,172,1
1670,exp_6,144,163,173,1
1671,exp_6,145,164,174,1
1672,exp_6,146,165,175,1
1673,exp_6,147,166,176,1
1674,exp_6,148,167,177,1
1675,exp_6,149,168,178,1
1676,exp_6,150,169,179,1
1677,exp_6,151,170,180,1
1678,exp_6,152,171,181,1
1679,exp_6,153,172,182,1
1680,exp_6,154,173,183,1
1681,exp_6,155,174,184,1
1682,exp_6,156,175,185,1
1683,exp_6,157,176,186,1
1684,exp_6,158,177,187,1
1685,exp_6,159,178,188,2
1686,exp_6,160,179,189,2
1687,exp_6,161,180,190,2
1688,exp_6,162,181,191,2
1689,exp_6,163,182,192,2
1690,exp_6,164,183,193,2
1691,exp_6,165,184,194,2
1692,exp_6,166,185,195,2
1693,exp_6,167,186,196,2
1694,exp_6,168,187,197,2
1695,exp_6,169,188,198,2
1696,exp_6,170,189,199,2
1697,exp_6,171,190,200,2
1698,exp_6,172,191,201,2
1699,exp_6,173,192,202,2
1700,exp_6,174,193,203,1
1701,exp_6,175,194,204,1
1702,exp_6,176,195,205,1
1703,exp_6,177,196,206,1
1704,exp_6,178,197,207,1
1705,exp_6,179,198,208,1
1706,exp_6,180,199,209,1
1707,exp_6,181,200,210,1
1708,exp_6,182,201,211,2
1709,exp_6,183,202,212,1
1710,exp_6,184,203,213,2
1711,exp_6,185,204,214,2
1712,exp_6,186,205,215,2
1713,exp_6,187,206,216,2
1714,exp_6,188,207,217,2
1715,exp_6,189,208,218,2
1716,exp_6,190,209,219,2
1717,exp_6,191,210,220,2
1718,exp_6,192,211,221,2
1719,exp_6,193,212,222,2
1720,exp_6,194,213,223,2
1721,exp_6,195,214,224,2
1722,exp_6,196,215,225,2
1723,exp_6,197,216,226,2
1724,exp_6,198,217,227,2
1725,exp_6,199,218,228,2
1726,exp_6,200,219,229,2
1727,exp_6,201,220,230,2
1728,exp_6,202,221,231,2
1729,exp_6,203,222,232,2
1730,exp_6,204,223,233,2
1731,exp_6,205,224,234,2
1732,exp_6,206,225,235,2
1733,exp_6,207,226,236,2
1734,exp_6,208,227,237,2
1735,exp_6,209,228,238,2
1736,exp_6,210,229,239,2
1737,exp_6,211,230,240,2
1738,exp_6,212,231,241,2
1739,exp_6,213,232,242,2
1740,exp_6,214,233,243,2
1741,exp_6,215,234,244,2
1742,exp_6,216,235,245,2
1743,exp_6,217,236,246,2
1744,exp_6,218,237,247,2
1745,exp_6,219,238,248,2
1746,exp_6,220,239,249,2
1747,exp_6,221,240,250,2
1748,exp_6,222,241,251,2
1749,exp_6,223,242,252,2
1750,exp_6,224,243,253,2
1751,exp_6,225,244,254,2
1752,exp_6,226,245,255,2
1753,exp_6,227,246,256,2
1754,exp_6,228,247,257,2
1755,exp_6,229,248,258,2
1756,exp_6,230,249,259,2
1757,exp_6,231,250,260,2
1758,exp_6,232,251,261,2
1759,exp_6,233,252,262,2
1760,exp_6,234,253,263,2
1761,exp_6,235,254,264,2
1762,exp_6,236,255,265,2
1763,exp_6,237,256,266,2
1764,exp_6,238,257,267,2
1765,exp_6,239,258,268,2
1766,exp_6,240,259,269,2
1767,exp_6,241,260,270,2
1768,exp_6,242,261,271,2
1769,exp_6,243,262,272,2
1770,exp_6,244,263,273,2
1771,exp_6,245,264,274,2
1772,exp_6,246,265,275,2
1773,exp_6,247,266,276,2
1774,exp_6,248,267,277,2
1775,exp_6,249,268,278,2
1776,exp_6,250,269,279,2
1777,exp_6,251,270,280,2
1778,exp_6,252,271,281,2
1779,exp_6,253,272,282,2
1780,exp_6,254,273,283,2
1781,exp_6,255,274,284,2
1782,exp_6,256,275,285,2
1783,exp_6,257,276,286,2
1784,exp_6,258,277,287,2
1785,exp_6,259,278,288,2
1786,exp_6,260,279,289,2
1787,exp_6,261,280,290,2
1788,exp_6,262,281,291,2
1789,exp_6,263,282,292,2
1790,exp_6,264,283,293,2
1791,exp_6,265,284,294,2
1792,exp_6,266,285,295,2
1793,exp_6,267,286,296,2
1794,exp_6,268,287,297,2
1795,exp_6,269,288,298,2
1796,exp_6,270,289,299,2
1797,exp_6,271,290,300,2
1798,exp_6,272,291,301,2
1799,exp_6,273,292,302,2
1800,exp_6,274,293,303,2
1801,exp_6,275,294,304,2
1802,exp_6,276,295,305,2
1803,exp_6,277,296,306,2
1804,exp_6,278,297,307,2
1805,exp_6,279,298,308,2
1806,exp_6,280,299,309,2
1807,exp_6,281,300,310,2
1808,exp_6,282,301,311,2
1809,exp_6,283,302,312,2
1810,exp_6,284,303,313,2
1811,exp_6,285,304,314,2
1812,exp_6,286,305,315,2
1813,exp_6,287,306,316,2
1814,exp_6,288,307,317,2
1815,exp_6,289,308,318,2
1816,exp_6,290,309,319,2
1817,exp_6,291,310,320,2
1818,exp_6,292,311,321,2
1819,exp_6,293,312,322,2
1820,exp_6,294,313,323,2
1821,exp_6,295,314,324,2
1822,exp_6,296,315,325,2
1823,exp_6,297,316,326,2
1824,exp_6,298,317,327,2
1825,exp_6,299,318,328,2
1826,exp_6,300,319,329,2
1827,exp_6,301,320,330,2
1828,exp_6,302,321,331,2
1829,exp_6,303,322,332,2
1830,exp_6,304,323,333,2
1831,exp_6,305,324,334,2
1832,exp_6,306,325,335,2
1833,exp_6,307,326,336,2
1834,exp_6,308,327,337,2
1835,exp_6,309,328,338,2
1836,exp_6,310,329,339,2
1837,exp_6,311,330,340,2
1838,exp_6,312,331,341,2
1839,exp_6,313,332,342,2
1840,exp_6,314,333,343,2
1841,exp_6,315,334,344,2
1842,exp_6,316,335,345,2
1843,exp_6,317,336,346,2
1844,exp_6,318,337,347,2
1845,exp_6,319,338,348,2
1846,exp_6,320,339,349,2
1847,exp_6,321,340,350,2
1848,exp_6,322,341,351,2
1849,exp_6,323,342,352,2
1850,exp_6,324,343,353,2
1851,exp_6,325,344,354,2
1852,exp_6,326,345,355,2
1853,exp_6,327,346,356,2
1854,exp_6,328,347,357,2
1855,exp_6,329,348,358,2
1856,exp_6,330,349,359,2
1857,exp_6,331,350,360,2
1858,exp_6,332,351,361,2
1859,exp_6,333,352,362,2
1860,exp_6,334,353,363,2
1861,exp_6,335,354,364,2
1862,exp_6,336,355,365,2
1863,exp_6,337,356,366,2
1864,exp_6,338,357,367,2
1865,exp_6,339,358,368,2
1866,exp_6,340,359,369,2
1867,exp_6,341,360,370,2
1868,exp_6,342,361,371,2
1869,exp_6,343,362,372,2
1870,exp_6,344,363,373,2
1871,exp_6,345,364,374,2
1872,exp_6,346,365,375,2
1873,exp_6,347,366,376,2
1874,exp_6,348,367,377,2
1875,exp_6,349,368,378,2
1876,exp_6,350,369,379,2
1877,exp_6,351,370,380,2
1878,exp_6,352,371,381,2
1879,exp_6,353,372,382,2
1880,exp_6,354,373,383,2
1881,exp_6,355,374,384,2
1882,exp_7,80,99,109,1
1883,exp_7,81,100,110,1
1884,exp_7,82,101,111,1
1885,exp_7,83,102,112,1
1886,exp_7,84,103,113,1
1887,exp_7,85,104,114,1
1888,exp_7,86,105,115,1
1889,exp_7,87,106,116,1
1890,exp_7,88,107,117,1
1891,exp_7,89,108,118,1
1892,exp_7,90,109,119,1
1893,exp_7,91,110,120,1
1894,exp_7,92,111,121,1
1895,exp_7,93,112,122,1
1896,exp_7,94,113,123,1
1897,exp_7,95,114,124,1
1898,exp_7,96,115,125,1
1899,exp_7,97,116,126,1
1900,exp_7,98,117,127,1
1901,exp_7,99,118,128,1
1902,exp_7,100,119,129,1
1903,exp_7,101,120,130,1
1904,exp_7,102,121,131,1
1905,exp_7,103,122,132,1
1906,exp_7,104,123,133,1
1907,exp_7,105,124,134,1
1908,exp_7,106,125,135,1
1909,exp_7,107,126,136,1
1910,exp_7,108,127,137,1
1911,exp_7,109,128,138,1
1912,exp_7,110,129,139,1
1913,exp_7,111,130,140,1
1914,exp_7,112,131,141,1
1915,exp_7,113,132,142,1
1916,exp_7,114,133,143,1
1917,exp_7,115,134,144,1
1918,exp_7,116,135,145,1
1919,exp_7,117,136,146,0
1920,exp_7,118,137,147,0
1921,exp_7,119,138,148,0
1922,exp_7,120,139,149,1
1923,exp_7,121,140,150,1
1924,exp_7,122,141,151,1
1925,exp_7,123,142,152,1
1926,exp_7,124,143,153,1
1927,exp_7,125,144,154,1
1928,exp_7,126,145,155,1
1929,exp_7,127,146,156,1
1930,exp_7,128,147,157,1
1931,exp_7,129,148,158,1
1932,exp_7,130,149,159,1
1933,exp_7,131,150,160,1
1934,exp_7,132,151,161,1
1935,exp_7,133,152,162,1
1936,exp_7,134,153,163,1
1937,exp_7,135,154,164,0
1938,exp_7,136,155,165,1
1939,exp_7,137,156,166,1
1940,exp_7,138,157,167,1
1941,exp_7,139,158,168,1
1942,exp_7,140,159,169,1
1943,exp_7,141,160,170,1
1944,exp_7,142,161,171,1
1945,exp_7,143,162,172,1
1946,exp_7,144,163,173,1
1947,exp_7,145,164,174,1
1948,exp_7,146,165,175,1
1949,exp_7,147,166,176,1
1950,exp_7,148,167,177,1
1951,exp_7,149,168,178,1
1952,exp_7,150,169,179,1
1953,exp_7,151,170,180,1
1954,exp_7,152,171,181,1
1955,exp_7,153,172,182,1
1956,exp_7,154,173,183,1
1957,exp_7,155,174,184,1
1958,exp_7,156,175,185,1
1959,exp_7,157,176,186,1
1960,exp_7,158,177,187,1
1961,exp_7,159,178,188,1
1962,exp_7,160,179,189,1
1963,exp_7,161,180,190,1
1964,exp_7,162,181,191,1
1965,exp_7,163,182,192,1
1966,exp_7,164,183,193,1
1967,exp_7,165,184,194,1
1968,exp_7,166,185,195,1
1969,exp_7,167,186,196,1
1970,exp_7,168,187,197,1
1971,exp_7,169,188,198,1
1972,exp_7,170,189,199,1
1973,exp_7,171,190,200,1
1974,exp_7,172,191,201,1
1975,exp_7,173,192,202,1
1976,exp_7,174,193,203,1
1977,exp_7,175,194,204,1
1978,exp_7,176,195,205,1
1979,exp_7,177,196,206,1
1980,exp_7,178,197,207,1
1981,exp_7,179,198,208,1
1982,exp_7,180,199,209,1
1983,exp_7,181,200,210,1
1984,exp_7,182,201,211,1
1985,exp_7,183,202,212,1
1986,exp_7,184,203,213,1
1987,exp_7,185,204,214,1
1988,exp_7,186,205,215,1
1989,exp_7,187,206,216,0
1990,exp_7,188,207,217,0
1991,exp_7,189,208,218,0
1992,exp_7,190,209,219,0
1993,exp_7,191,210,220,0
1994,exp_7,192,211,221,0
1995,exp_7,193,212,222,0
1996,exp_7,194,213,223,0
1997,exp_7,195,214,224,0
1998,exp_7,196,215,225,0
1999,exp_7,197,216,226,0
2000,exp_7,198,217,227,1
2001,exp_7,199,218,228,1
2002,exp_7,200,219,229,1
2003,exp_7,201,220,230,1
2004,exp_7,202,221,231,1
2005,exp_7,203,222,232,1
2006,exp_7,204,223,233,1
2007,exp_7,205,224,234,1
2008,exp_7,206,225,235,1
2009,exp_7,207,226,236,1
2010,exp_7,208,227,237,1
2011,exp_7,209,228,238,1
2012,exp_7,210,229,239,1
2013,exp_7,211,230,240,1
2014,exp_7,212,231,241,1
2015,exp_7,213,232,242,1
2016,exp_7,214,233,243,1
2017,exp_7,215,234,244,1
2018,exp_7,216,235,245,1
2019,exp_7,217,236,246,1
2020,exp_7,218,237,247,1
2021,exp_7,219,238,248,1
2022,exp_7,220,239,249,0
2023,exp_7,221,240,250,0
2024,exp_7,222,241,251,0
2025,exp_7,223,242,252,1
2026,exp_7,224,243,253,1
2027,exp_7,225,244,254,0
2028,exp_7,226,245,255,1
2029,exp_7,227,246,256,0
2030,exp_7,228,247,257,0
2031,exp_7,229,248,258,1
2032,exp_7,230,249,259,1
2033,exp_7,231,250,260,0
2034,exp_7,232,251,261,1
2035,exp_7,233,252,262,1
2036,exp_7,234,253,263,1
2037,exp_7,235,254,264,1
2038,exp_7,236,255,265,1
2039,exp_7,237,256,266,1
2040,exp_7,238,257,267,1
2041,exp_7,239,258,268,1
2042,exp_7,240,259,269,1
2043,exp_7,241,260,270,1
2044,exp_7,242,261,271,1
2045,exp_7,243,262,272,1
2046,exp_7,244,263,273,1
2047,exp_7,245,264,274,1
2048,exp_7,246,265,275,1
2049,exp_7,247,266,276,1
2050,exp_7,248,267,277,1
2051,exp_7,249,268,278,1
2052,exp_7,250,269,279,1
2053,exp_7,251,270,280,1
2054,exp_7,252,271,281,1
2055,exp_7,253,272,282,1
2056,exp_7,254,273,283,1
2057,exp_7,255,274,284,1
2058,exp_7,256,275,285,1
2059,exp_7,257,276,286,1
2060,exp_7,258,277,287,1
2061,exp_7,259,278,288,1
2062,exp_7,260,279,289,1
2063,exp_7,261,280,290,1
2064,exp_7,262,281,291,1
2065,exp_7,263,282,292,1
2066,exp_7,264,283,293,1
2067,exp_7,265,284,294,1
2068,exp_7,266,285,295,1
2069,exp_7,267,286,296,1
2070,exp_7,268,287,297,1
2071,exp_7,269,288,298,1
2072,exp_7,270,289,299,1
2073,exp_7,271,290,300,1
2074,exp_7,272,291,301,1
2075,exp_7,273,292,302,1
2076,exp_7,274,293,303,1
2077,exp_7,275,294,304,0
2078,exp_7,276,295,305,0
2079,exp_7,277,296,306,0
2080,exp_7,278,297,307,0
2081,exp_7,279,298,308,1
2082,exp_7,280,299,309,1
2083,exp_7,281,300,310,1
2084,exp_7,282,301,311,1
2085,exp_7,283,302,312,1
2086,exp_7,284,303,313,1
2087,exp_7,285,304,314,1
2088,exp_7,286,305,315,1
2089,exp_7,287,306,316,1
2090,exp_7,288,307,317,1
2091,exp_7,289,308,318,1
2092,exp_7,290,309,319,1
2093,exp_7,291,310,320,1
2094,exp_7,292,311,321,1
2095,exp_7,293,312,322,1
2096,exp_7,294,313,323,1
2097,exp_7,295,314,324,1
2098,exp_7,296,315,325,1
2099,exp_7,297,316,326,1
2100,exp_7,298,317,327,1
2101,exp_7,299,318,328,1
2102,exp_7,300,319,329,1
2103,exp_7,301,320,330,1
2104,exp_7,302,321,331,1
2105,exp_7,303,322,332,1
2106,exp_7,304,323,333,1
2107,exp_7,305,324,334,1
2108,exp_7,306,325,335,1
2109,exp_7,307,326,336,1
2110,exp_7,308,327,337,1
2111,exp_8,159,178,188,1
2112,exp_8,160,179,189,1
2113,exp_8,161,180,190,1
2114,exp_8,162,181,191,1
2115,exp_8,163,182,192,1
2116,exp_8,164,183,193,1
2117,exp_8,165,184,194,1
2118,exp_8,166,185,195,1
2119,exp_8,167,186,196,1
2120,exp_8,168,187,197,1
2121,exp_8,169,188,198,1
2122,exp_8,170,189,199,1
2123,exp_8,171,190,200,1
2124,exp_8,172,191,201,1
2125,exp_8,173,192,202,1
2126,exp_8,174,193,203,1
2127,exp_8,175,194,204,1
2128,exp_8,176,195,205,1
2129,exp_8,177,196,206,1
2130,exp_8,178,197,207,1
2131,exp_8,179,198,208,1
2132,exp_8,180,199,209,1
2133,exp_8,181,200,210,1
2134,exp_8,182,201,211,1
2135,exp_8,183,202,212,1
2136,exp_8,184,203,213,1
2137,exp_8,185,204,214,1
2138,exp_8,186,205,215,1
2139,exp_8,187,206,216,1
2140,exp_8,188,207,217,1
2141,exp_8,189,208,218,1
2142,exp_8,190,209,219,1
2143,exp_8,191,210,220,1
2144,exp_8,192,211,221,1
2145,exp_8,193,212,222,1
2146,exp_8,194,213,223,1
2147,exp_8,195,214,224,1
2148,exp_8,196,215,225,1
2149,exp_8,197,216,226,1
2150,exp_8,198,217,227,1
2151,exp_8,199,218,228,1
2152,exp_8,200,219,229,1
2153,exp_8,201,220,230,1
2154,exp_8,202,221,231,1
2155,exp_8,203,222,232,1
2156,exp_8,204,223,233,1
2157,exp_8,205,224,234,1
2158,exp_8,206,225,235,1
2159,exp_8,207,226,236,1
2160,exp_8,208,227,237,1
2161,exp_8,209,228,238,1
2162,exp_8,210,229,239,1
2163,exp_8,211,230,240,1
2164,exp_8,212,231,241,1
2165,exp_8,213,232,242,1
2166,exp_8,214,233,243,1
2167,exp_8,215,234,244,1
2168,exp_8,216,235,245,1
2169,exp_8,217,236,246,1
2170,exp_8,218,237,247,1
2171,exp_8,219,238,248,1
2172,exp_8,220,239,249,1
2173,exp_8,221,240,250,1
2174,exp_8,222,241,251,1
2175,exp_8,223,242,252,1
2176,exp_8,224,243,253,1
2177,exp_8,225,244,254,1
2178,exp_8,226,245,255,1
2179,exp_8,227,246,256,1
2180,exp_8,228,247,257,1
2181,exp_8,229,248,258,1
2182,exp_8,230,249,259,1
2183,exp_8,231,250,260,1
2184,exp_8,232,251,261,1
2185,exp_8,233,252,262,1
2186,exp_8,234,253,263,1
2187,exp_8,235,254,264,1
2188,exp_8,236,255,265,1
2189,exp_8,237,256,266,1
2190,exp_8,238,257,267,1
2191,exp_8,239,258,268,1
2192,exp_8,240,259,269,1
2193,exp_8,241,260,270,1
2194,exp_8,242,261,271,1
2195,exp_8,243,262,272,1
2196,exp_8,244,263,273,1
2197,exp_8,245,264,274,1
2198,exp_8,246,265,275,1
2199,exp_8,247,266,276,1
2200,exp_8,248,267,277,1
2201,exp_8,249,268,278,1
2202,exp_8,250,269,279,1
2203,exp_8,251,270,280,1
2204,exp_8,252,271,281,1
2205,exp_8,253,272,282,1
2206,exp_8,254,273,283,1
2207,exp_8,255,274,284,1
2208,exp_8,256,275,285,1
2209,exp_8,257,276,286,1
2210,exp_8,258,277,287,1
2211,exp_8,259,278,288,1
2212,exp_8,260,279,289,1
2213,exp_8,261,280,290,1
2214,exp_8,262,281,291,1
2215,exp_8,263,282,292,1
2216,exp_8,264,283,293,1
2217,exp_8,265,284,294,1
2218,exp_8,266,285,295,1
2219,exp_8,267,286,296,1
2220,exp_8,268,287,297,1
2221,exp_8,269,288,298,1
2222,exp_8,270,289,299,1
2223,exp_8,271,290,300,1
2224,exp_8,272,291,301,1
2225,exp_8,273,292,302,1
2226,exp_8,274,293,303,1
2227,exp_8,275,294,304,1
2228,exp_8,276,295,305,1
2229,exp_8,277,296,306,1
2230,exp_8,278,297,307,1
2231,exp_8,279,298,308,1
2232,exp_8,280,299,309,1
2233,exp_8,281,300,310,1
2234,exp_8,282,301,311,1
2235,exp_8,283,302,312,1
2236,exp_8,284,303,313,1
2237,exp_8,285,304,314,1
2238,exp_8,286,305,315,1
2239,exp_8,287,306,316,1
2240,exp_8,288,307,317,1
2241,exp_8,289,308,318,1
2242,exp_8,290,309,319,1
2243,exp_8,291,310,320,1
2244,exp_8,292,311,321,1
2245,exp_8,293,312,322,1
2246,exp_8,294,313,323,1
2247,exp_8,295,314,324,1
2248,exp_8,296,315,325,1
2249,exp_8,297,316,326,1
2250,exp_8,298,317,327,1
2251,exp_8,299,318,328,1
2252,exp_8,300,319,329,1
2253,exp_8,301,320,330,1
2254,exp_8,302,321,331,1
2255,exp_8,303,322,332,1
2256,exp_8,304,323,333,1
2257,exp_8,305,324,334,1
2258,exp_8,306,325,335,1
2259,exp_8,307,326,336,1
2260,exp_8,308,327,337,1
2261,exp_8,309,328,338,1
2262,exp_8,310,329,339,1
2263,exp_8,311,330,340,1
2264,exp_8,312,331,341,1
2265,exp_8,313,332,342,1
2266,exp_8,314,333,343,1
2267,exp_8,315,334,344,1
2268,exp_8,316,335,345,1
2269,exp_8,317,336,346,1
2270,exp_8,318,337,347,1
2271,exp_8,319,338,348,1
2272,exp_8,320,339,349,1
2273,exp_8,321,340,350,1
2274,exp_8,322,341,351,1
2275,exp_8,323,342,352,1
2276,exp_8,324,343,353,1
2277,exp_8,325,344,354,1
2278,exp_8,326,345,355,1
2279,exp_8,327,346,356,1
2280,exp_8,328,347,357,1
2281,exp_8,329,348,358,1
2282,exp_8,330,349,359,1
2283,exp_8,331,350,360,1
2284,exp_8,332,351,361,1
2285,exp_8,333,352,362,1
2286,exp_8,334,353,363,1
2287,exp_8,335,354,364,1
2288,exp_8,336,355,365,1
2289,exp_8,337,356,366,1
2290,exp_8,338,357,367,1
2291,exp_8,339,358,368,1
2292,exp_8,340,359,369,1
2293,exp_8,341,360,370,1
2294,exp_8,342,361,371,1
2295,exp_8,343,362,372,1
2296,exp_8,344,363,373,1
2297,exp_8,345,364,374,1
2298,exp_8,346,365,375,1
2299,exp_8,347,366,376,1
2300,exp_8,348,367,377,1
2301,exp_8,349,368,378,1
2302,exp_8,350,369,379,1
2303,exp_8,351,370,380,1
2304,exp_8,352,371,381,1
2305,exp_8,353,372,382,1
2306,exp_8,354,373,383,1
2307,exp_8,355,374,384,1
2308,exp_8,356,375,385,1
2309,exp_8,357,376,386,1
2310,exp_8,358,377,387,1
2311,exp_8,359,378,388,1
2312,exp_8,360,379,389,1
2313,exp_8,361,380,390,1
2314,exp_8,362,381,391,1
2315,exp_8,363,382,392,1
2316,exp_8,364,383,393,1
2317,exp_8,365,384,394,1
2318,exp_8,366,385,395,1
2319,exp_8,367,386,396,1
2320,exp_8,368,387,397,1
2321,exp_8,369,388,398,1
2322,exp_8,370,389,399,1
2323,exp_8,371,390,400,1
2324,exp_8,372,391,401,1
2325,exp_8,373,392,402,1
2326,exp_8,374,393,403,1
2327,exp_8,375,394,404,1
2328,exp_8,376,395,405,1
2329,exp_8,377,396,406,1
2330,exp_8,378,397,407,1
2331,exp_8,379,398,408,1
2332,exp_8,380,399,409,1
2333,exp_8,381,400,410,1
2334,exp_8,382,401,411,1
2335,exp_8,383,402,412,1
2336,exp_8,384,403,413,1
2337,exp_8,385,404,414,1
2338,exp_8,386,405,415,1
2339,exp_8,387,406,416,1
2340,exp_8,388,407,417,2
2341,exp_8,389,408,418,2
2342,exp_8,390,409,419,2
2343,exp_8,391,410,420,2
2344,exp_8,392,411,421,2
2345,exp_8,393,412,422,2
2346,exp_8,394,413,423,2
2347,exp_8,395,414,424,2
2348,exp_8,396,415,425,2
2349,exp_8,397,416,426,2
2350,exp_8,398,417,427,2
2351,exp_9,82,101,111,1
2352,exp_9,83,102,112,1
2353,exp_9,84,103,113,1
2354,exp_9,85,104,114,1
2355,exp_9,86,105,115,1
2356,exp_9,87,106,116,1
2357,exp_9,88,107,117,1
2358,exp_9,89,108,118,1
2359,exp_9,90,109,119,1
2360,exp_9,91,110,120,1
2361,exp_9,92,111,121,1
2362,exp_9,93,112,122,1
2363,exp_9,94,113,123,1
2364,exp_9,95,114,124,1
2365,exp_9,96,115,125,1
2366,exp_9,97,116,126,1
2367,exp_9,98,117,127,1
2368,exp_9,99,118,128,1
2369,exp_9,100,119,129,1
2370,exp_9,101,120,130,1
2371,exp_9,102,121,131,1
2372,exp_9,103,122,132,1
2373,exp_9,104,123,133,1
2374,exp_9,105,124,134,1
2375,exp_9,106,125,135,1
2376,exp_9,107,126,136,1
2377,exp_9,108,127,137,1
2378,exp_9,109,128,138,1
2379,exp_9,110,129,139,1
2380,exp_9,111,130,140,1
2381,exp_9,112,131,141,1
2382,exp_9,113,132,142,1
2383,exp_9,114,133,143,1
2384,exp_9,115,134,144,1
2385,exp_9,116,135,145,1
2386,exp_9,117,136,146,1
2387,exp_9,118,137,147,1
2388,exp_9,119,138,148,1
2389,exp_9,120,139,149,1
2390,exp_9,121,140,150,1
2391,exp_9,122,141,151,1
2392,exp_9,123,142,152,1
2393,exp_9,124,143,153,1
2394,exp_9,125,144,154,1
2395,exp_9,126,145,155,1
2396,exp_9,127,146,156,1
2397,exp_9,128,147,157,1
2398,exp_9,129,148,158,1
2399,exp_9,130,149,159,1
2400,exp_9,131,150,160,1
2401,exp_9,132,151,161,1
2402,exp_9,133,152,162,1
2403,exp_9,134,153,163,1
2404,exp_9,135,154,164,1
2405,exp_9,136,155,165,1
2406,exp_9,137,156,166,1
2407,exp_9,138,157,167,1
2408,exp_9,139,158,168,1
2409,exp_9,140,159,169,1
2410,exp_9,141,160,170,1
2411,exp_9,142,161,171,1
2412,exp_9,143,162,172,1
2413,exp_9,144,163,173,1
2414,exp_9,145,164,174,1
2415,exp_9,146,165,175,1
2416,exp_9,147,166,176,1
2417,exp_9,148,167,177,1
2418,exp_9,149,168,178,1
2419,exp_9,150,169,179,1
2420,exp_9,151,170,180,1
2421,exp_9,152,171,181,1
2422,exp_9,153,172,182,1
2423,exp_9,154,173,183,1
2424,exp_9,155,174,184,1
2425,exp_9,156,175,185,1
2426,exp_9,157,176,186,1
2427,exp_9,158,177,187,1
2428,exp_9,159,178,188,1
2429,exp_9,160,179,189,1
2430,exp_9,161,180,190,1
2431,exp_9,162,181,191,1
2432,exp_9,163,182,192,1
2433,exp_9,164,183,193,1
2434,exp_9,165,184,194,1
2435,exp_9,166,185,195,1
2436,exp_9,167,186,196,1
2437,exp_9,168,187,197,1
2438,exp_9,169,188,198,1
2439,exp_9,170,189,199,1
2440,exp_9,171,190,200,1
2441,exp_9,172,191,201,1
2442,exp_9,173,192,202,1
2443,exp_9,174,193,203,1
2444,exp_9,175,194,204,1
2445,exp_9,176,195,205,1
2446,exp_9,177,196,206,1
2447,exp_9,178,197,207,1
2448,exp_9,179,198,208,1
2449,exp_9,180,199,209,1
2450,exp_9,181,200,210,1
2451,exp_9,182,201,211,1
2452,exp_9,183,202,212,1
2453,exp_9,184,203,213,1
2454,exp_9,185,204,214,1
2455,exp_9,186,205,215,1
2456,exp_9,187,206,216,1
2457,exp_9,188,207,217,1
2458,exp_9,189,208,218,1
2459,exp_9,190,209,219,1
2460,exp_9,191,210,220,1
2461,exp_9,192,211,221,1
2462,exp_9,193,212,222,1
2463,exp_9,194,213,223,1
2464,exp_9,195,214,224,1
2465,exp_9,196,215,225,1
2466,exp_9,197,216,226,1
2467,exp_9,198,217,227,1
2468,exp_9,199,218,228,1
2469,exp_9,200,219,229,1
2470,exp_9,201,220,230,1
2471,exp_9,202,221,231,1
2472,exp_9,203,222,232,1
2473,exp_9,204,223,233,1
2474,exp_9,205,224,234,1
2475,exp_9,206,225,235,1
2476,exp_9,207,226,236,1
2477,exp_9,208,227,237,1
2478,exp_9,209,228,238,1
2479,exp_9,210,229,239,1
2480,exp_9,211,230,240,1
2481,exp_9,212,231,241,1
2482,exp_9,213,232,242,1
2483,exp_9,214,233,243,1
2484,exp_9,215,234,244,1
2485,exp_9,216,235,245,1
2486,exp_9,217,236,246,1
2487,exp_9,218,237,247,1
2488,exp_9,219,238,248,1
2489,exp_9,220,239,249,1
2490,exp_9,221,240,250,1
2491,exp_9,222,241,251,1
2492,exp_9,223,242,252,1
2493,exp_9,224,243,253,1
2494,exp_9,225,244,254,1
2495,exp_9,226,245,255,1
2496,exp_9,227,246,256,1
2497,exp_9,228,247,257,1
2498,exp_9,229,248,258,1
2499,exp_9,230,249,259,1
2500,exp_9,231,250,260,1
2501,exp_9,232,251,261,1
2502,exp_9,233,252,262,1
2503,exp_9,234,253,263,1
2504,exp_9,235,254,264,1
2505,exp_9,236,255,265,1
2506,exp_9,237,256,266,1
2507,exp_9,238,257,267,1
2508,exp_9,239,258,268,1
2509,exp_9,240,259,269,1
2510,exp_9,241,260,270,1
2511,exp_9,242,261,271,1
2512,exp_9,243,262,272,1
2513,exp_9,244,263,273,1
2514,exp_9,245,264,274,1
2515,exp_9,246,265,275,1
2516,exp_9,247,266,276,1
2517,exp_9,248,267,277,1
2518,exp_9,249,268,278,1
2519,exp_9,250,269,279,1
2520,exp_9,251,270,280,1
2521,exp_9,252,271,281,1
2522,exp_9,253,272,282,1
2523,exp_9,254,273,283,1
2524,exp_9,255,274,284,1
2525,exp_9,256,275,285,1
2526,exp_9,257,276,286,1
2527,exp_9,258,277,287,1
2528,exp_9,259,278,288,1
2529,exp_9,260,279,289,1
2530,exp_9,261,280,290,1
2531,exp_9,262,281,291,1
2532,exp_9,263,282,292,1
2533,exp_9,264,283,293,1
2534,exp_9,265,284,294,1
2535,exp_9,266,285,295,1
2536,exp_9,267,286,296,1
2537,exp_9,268,287,297,1
2538,exp_9,269,288,298,1
2539,exp_9,270,289,299,1
2540,exp_9,271,290,300,1
2541,exp_9,272,291,301,1
2542,exp_9,273,292,302,1
2543,exp_9,274,293,303,1
2544,exp_9,275,294,304,1
2545,exp_9,276,295,305,1
2546,exp_9,277,296,306,1
2547,exp_9,278,297,307,1
2548,exp_9,279,298,308,1
2549,exp_9,280,299,309,1
2550,exp_9,281,300,310,1
2551,exp_9,282,301,311,1
2552,exp_9,283,302,312,1
2553,exp_9,284,303,313,1
2554,exp_9,285,304,314,1
2555,exp_9,286,305,315,1
2556,exp_9,287,306,316,1
2557,exp_9,288,307,317,1
2558,exp_9,289,308,318,1
2559,exp_9,290,309,319,1
2560,exp_9,291,310,320,1
2561,exp_9,292,311,321,1
2562,exp_9,293,312,322,1
2563,exp_9,294,313,323,1
2564,exp_9,295,314,324,1
2565,exp_9,296,315,325,1
2566,exp_9,297,316,326,1
2567,exp_9,298,317,327,1
2568,exp_9,299,318,328,1
2569,exp_9,300,319,329,1
2570,exp_9,301,320,330,1
2571,exp_9,302,321,331,1
2572,exp_9,303,322,332,1
2573,exp_9,304,323,333,1
2574,exp_9,305,324,334,1
2575,exp_9,306,325,335,1
2576,exp_9,307,326,336,1
2577,exp_9,308,327,337,1
2578,exp_9,309,328,338,1
2579,exp_9,310,329,339,1
2580,exp_9,311,330,340,2
